,Signature 1,Signature 2,Signature 3
A[C>A]A,2.6554088179304842,4.815159283186308,6.094223133125543
A[C>A]C,2.091541024430663,2.6312099350172597,2.409346332481743
A[C>A]G,0.19001404611764158,0.6764534092638219,0.8802051897609247
A[C>A]T,1.1861945449708595,2.8423238295391986,2.469033767526402
C[C>A]A,1.8283052790489907,4.506083933030606,3.0321378050251244
C[C>A]C,0.513152721672801,2.9427594146394935,2.7068180461279976
C[C>A]G,0.1868883110865577,0.6706398493722786,0.3820376741810464
C[C>A]T,0.8453188726484377,3.419092407832206,2.0608051206964624
G[C>A]A,3.251579865699379,2.7267562252489497,4.347676871588481
G[C>A]C,1.4697088980418944,1.781959215892122,1.91305151506738
G[C>A]G,0.5181701570180473,0.7116379883671389,0.6973829725600442
G[C>A]T,1.7990929567500848,2.096194099426615,2.3908650854329685
T[C>A]A,3.6415843909421137,2.382583857489938,3.0547033215969646
T[C>A]C,2.3918524238360437,2.5244363551703355,4.2003223016460165
T[C>A]G,0.7621395541986213,0.6323818958041734,0.28627447405154144
T[C>A]T,5.360340547484535,3.593632512037927,2.650983043281372
A[C>G]A,1.2609649692374016,1.7001327007665168,0.9790750039230894
A[C>G]C,0.680624280364873,1.4023307588085363,0.21603430637521517
A[C>G]G,0.1487215039785986,0.24772206358656104,0.11341094449222341
A[C>G]T,0.617831863619127,2.2272914965153308,0.9321275736045453
C[C>G]A,0.33731805560542777,1.2635499259940708,0.7595253456256172
C[C>G]C,0.34438933572810765,1.356759645592715,0.966556111380119
C[C>G]G,0.04962488260567196,0.3061459843251839,0.4125187239008134
C[C>G]T,0.7272111803478583,2.63788225587371,0.7863080691961112
G[C>G]A,0.2557483075450838,1.0085183682546688,0.8742250509418847
G[C>G]C,0.4021530159019133,0.9398301627664973,0.5271931440526689
G[C>G]G,0.0,0.24957360365001016,0.32521421169803966
G[C>G]T,0.233249148358689,1.4389025527970856,0.9672548971390603
T[C>G]A,1.2630832166724557,1.6980274856858957,0.31532031310465974
T[C>G]C,0.2659936379808519,2.222576647006286,1.1072705207179276
T[C>G]G,0.10881399842570734,0.28933864926096003,0.0
T[C>G]T,1.4044545999940907,4.362484314620065,1.8252821225714118
A[C>T]A,6.545345800034322,6.154503985966259,1.0701774284912484
A[C>T]C,3.508444568893949,2.933776213409161,2.5556172627114133
A[C>T]G,47.50321491506981,5.6361569016740525,0.2945071988973319
A[C>T]T,3.9785089980455184,3.571055409777808,3.0034533654028603
C[C>T]A,3.8214977467644715,5.45754174205288,1.7007934439585735
C[C>T]C,2.93095958435049,3.959516568164439,4.665973815030852
C[C>T]G,20.00081163735476,0.0,14.878095690242612
C[C>T]T,4.2724238522835725,7.483567141156523,2.35314052914943
G[C>T]A,3.8445726812283696,4.279628891519381,1.1303677384009354
G[C>T]C,4.924418282479009,3.647229695836506,1.8716972717537892
G[C>T]G,30.495766832553393,2.8109770087378894,1.7179870713429586
G[C>T]T,4.399603807903527,4.4327694338250385,1.415427507045493
T[C>T]A,4.738958695744144,6.404136604371269,0.41965512699193164
T[C>T]C,4.456903195825155,5.034857116007716,2.529865314698921
T[C>T]G,17.526888655606786,1.4984424468412558,4.1752765170748845
T[C>T]T,5.1162950078875795,6.265822681024535,0.7908524732438159
A[T>A]A,1.2044045778546733,2.9096151098327225,0.7925180667119671
A[T>A]C,1.142891593710303,2.020524666587329,0.7122383645412297
A[T>A]G,0.42848499994743894,3.056689528579727,1.6423913065670417
A[T>A]T,2.6613043607811337,2.537338280695466,0.0
C[T>A]A,0.6045846569510687,1.2421207587104144,0.3259905539617805
C[T>A]C,0.9204843997495328,1.6867272653586904,0.0
C[T>A]G,0.4946608358717578,2.060364088670082,1.0658179853146081
C[T>A]T,1.2143819107868772,2.001169762935302,0.4424941939723876
G[T>A]A,0.19329834009272673,1.0457609889153658,0.7520677550811181
G[T>A]C,0.44144879197696413,0.9270247770655939,0.250686378224993
G[T>A]G,0.1388064361445461,1.732372556025813,0.7912670685136977
G[T>A]T,0.5011270722352883,1.3732013759649855,0.3464619737918028
T[T>A]A,1.6585015335901345,1.8768198478865337,0.25925456140257847
T[T>A]C,0.7165008098830389,1.5058385658976827,0.009073284839967912
T[T>A]G,0.3791076756561324,1.8367229625370662,0.2002919279730737
T[T>A]T,2.1207722689257094,2.8769472147988386,1.5240043074646612
A[T>C]A,3.9166527373164755,9.57028333079661,1.851816831242291
A[T>C]C,1.0969417385491163,2.5181730914424203,1.8545566994417488
A[T>C]G,1.0794514825573356,8.484818314318614,2.845764752335843
A[T>C]T,4.504701414628739,7.279537498249096,2.48865934662124
C[T>C]A,1.653580635697441,2.600494003152658,0.6359572655305994
C[T>C]C,1.6265994643225579,1.627091991316433,0.7648118631664373
C[T>C]G,0.7625483735706682,3.2798934846959185,1.829561552443206
C[T>C]T,2.2964094751794186,2.1331570619534483,0.31027350613844673
G[T>C]A,2.09780258208244,3.302360886680183,1.121227668421059
G[T>C]C,2.1468827266556363,1.205585276507243,0.0
G[T>C]G,0.8444853097226662,2.6897978792841455,2.242525591242789
G[T>C]T,2.5793960166215912,3.9755806042333375,0.7197449532011764
T[T>C]A,2.071573962912439,3.9852926141477325,0.2620183470105411
T[T>C]C,1.6828212362005694,1.7011529131938883,1.041207376968897
T[T>C]G,0.8765327484621458,2.490404406196253,1.543060659878588
T[T>C]T,2.9883396869861643,3.4093649066476392,2.501781012280089
A[T>G]A,0.7252712102625327,1.1656327894169891,0.09674516564952308
A[T>G]C,0.24471709595973232,0.7632518511128402,0.03003214663303827
A[T>G]G,0.6144370938298692,1.1928312362049638,0.2604514943989155
A[T>G]T,0.6547462120033835,1.6565573235125075,0.7203144170308029
C[T>G]A,0.2996051670756206,0.6435529090879167,0.14795300777500794
C[T>G]C,0.36082774151868646,1.0704608360208983,0.23628463774868763
C[T>G]G,0.4354544465182648,1.1529258487383027,0.27364639910743266
C[T>G]T,0.5338299271377839,1.7110262887372447,0.6696931149068435
G[T>G]A,0.3870452574146833,0.43191462757539034,0.0
G[T>G]C,0.19443862704298626,0.4495837405336358,0.0
G[T>G]G,0.533991744249006,0.917460435413687,0.11570894287123398
G[T>G]T,0.6535456083006256,0.9925929684286279,0.12687281987441598
T[T>G]A,0.4837702954033884,1.6087633298373003,0.674683908643631
T[T>G]C,0.18556951358588808,1.2842493636845331,1.0416200925262988
T[T>G]G,0.6727986195115452,1.5989764357257783,0.13321827902372904
T[T>G]T,1.250419012188905,3.6128103429794414,1.8948166664808952
