	C171115D-CO31	CLONESTE0098	STE99CLONE	PD21928b3	ste0111ep4	C30913DClone12	STE0111FP4	C171115D-CO34	C171115D-LI32	PD26636b3	STE007231	PD26636b5	PD23549b9	ste01166a	ste01167f	C30913DClone10	ste01205a	PD23549b10	PD23549b5	CLONESTE0097	clone3	STE007632	C211014D16CR	STE1207A	PD23549b4	STE0105clone	C211014D12DR	PD21928b4	C171115D-LI31	clone10	PD26636b4	PD21928b5	PD26636b6	STE100CLONE	STE0106clone	STE007223	STE007212	PD21928b7	STE007612	PD21928b6	C120215D2C	STE007623	PD23549b3	ste01205f	C171115D-LI21
A[C>A]A	33	19	51	44	29	21	31	47	40	51	5	69	38	15	17	17	9	39	34	30	21	29	31	17	40	74	29	50	35	30	52	53	58	19	42	3	3	46	21	50	33	19	35	6	51
A[C>A]C	23	20	31	29	17	9	15	25	25	18	5	33	23	9	13	6	5	25	28	16	9	5	10	10	23	42	19	23	26	15	35	19	37	16	34	3	2	21	7	40	20	1	23	7	15
A[C>A]G	3	2	5	10	1	3	5	5	4	4	0	3	11	2	1	3	2	5	6	6	4	2	1	3	5	5	9	7	2	1	3	10	6	3	3	0	0	8	0	5	9	0	2	1	7
A[C>A]T	26	13	17	17	10	12	17	21	20	26	5	29	15	5	5	7	4	11	12	15	17	7	18	8	11	35	15	26	16	22	22	28	28	14	17	4	1	26	7	20	26	6	11	3	24
C[C>A]A	30	12	36	33	13	19	28	25	22	26	3	37	26	15	13	11	7	21	24	18	19	7	41	9	21	53	26	33	28	26	27	27	38	18	34	6	3	35	3	32	35	3	24	6	38
C[C>A]C	9	9	19	15	9	10	15	18	22	21	2	22	16	4	7	3	3	17	16	9	8	1	15	7	17	33	20	20	23	20	16	17	19	7	12	1	1	20	3	17	32	5	14	1	22
C[C>A]G	4	1	6	4	0	5	6	2	2	5	0	5	4	2	1	3	1	3	3	1	0	1	1	1	3	3	6	3	3	7	2	3	5	2	4	0	0	3	1	4	6	1	5	1	7
C[C>A]T	13	9	21	18	16	15	15	24	18	20	5	16	13	9	13	4	6	18	14	14	9	6	24	5	16	24	18	17	20	21	18	26	20	16	19	1	1	18	7	25	25	5	11	5	34
G[C>A]A	48	24	32	44	13	16	34	33	26	59	8	68	37	12	19	13	10	21	31	24	16	17	11	20	19	66	26	43	21	17	42	50	57	19	25	1	4	46	21	35	28	4	34	4	26
G[C>A]C	13	12	19	14	9	4	21	13	19	22	2	33	14	4	5	8	2	18	11	13	9	2	4	7	18	36	8	22	11	20	13	20	22	7	16	1	4	23	3	25	18	3	15	1	12
G[C>A]G	5	1	6	13	8	2	7	3	6	8	1	7	9	1	2	1	4	5	5	3	5	2	5	2	5	16	5	13	4	3	3	7	2	3	1	0	0	12	0	11	4	2	5	2	5
G[C>A]T	18	8	21	17	11	11	18	11	10	38	2	28	20	11	12	6	4	17	26	15	16	5	12	10	17	37	13	29	12	17	30	25	27	25	19	3	3	31	6	30	14	6	18	3	21
T[C>A]A	46	19	40	32	14	8	36	35	16	47	9	59	32	11	18	17	5	39	35	19	17	16	11	18	31	63	11	41	12	18	29	44	44	19	24	1	1	43	15	41	27	14	34	6	23
T[C>A]C	29	10	44	21	16	13	26	27	19	31	5	51	32	8	12	8	7	32	36	24	8	3	18	12	31	56	16	42	21	10	31	34	44	19	31	2	2	43	4	43	22	1	23	6	33
T[C>A]G	5	2	12	9	5	4	10	9	3	12	3	5	9	1	3	1	2	5	8	5	2	2	3	0	5	8	4	7	5	2	11	7	5	5	5	1	0	8	1	9	2	1	3	2	7
T[C>A]T	53	14	53	51	30	26	61	39	22	65	6	92	32	14	29	11	9	34	34	47	19	11	20	24	30	100	17	43	24	25	54	58	56	23	42	2	4	42	16	51	20	10	34	8	34
A[C>G]A	15	6	16	16	10	10	15	14	10	10	3	17	17	1	3	4	6	14	19	6	7	2	5	8	13	23	9	15	13	9	15	9	16	13	18	2	1	16	1	14	14	0	13	7	14
A[C>G]C	3	6	12	6	3	10	12	5	13	8	1	8	11	4	0	5	2	4	7	11	6	2	5	8	3	10	7	10	10	6	4	8	8	7	7	1	0	9	2	6	9	3	8	0	7
A[C>G]G	4	1	1	3	4	2	1	1	1	1	1	3	0	0	2	0	0	1	2	6	1	0	1	1	1	1	3	2	0	0	1	2	3	1	1	0	0	2	0	1	2	0	1	0	3
A[C>G]T	9	9	14	8	7	10	16	11	11	9	1	12	11	6	8	7	5	9	12	7	13	1	12	5	10	15	11	7	14	12	11	12	19	2	11	2	1	7	0	13	19	0	6	2	17
C[C>G]A	3	3	5	7	7	12	7	1	11	6	1	4	10	2	5	8	0	11	11	4	3	0	4	3	11	15	6	4	9	7	10	6	4	3	8	1	1	4	1	10	7	2	7	2	8
C[C>G]C	6	1	10	9	11	12	11	4	8	6	0	8	9	2	10	8	1	4	5	2	2	2	11	4	3	8	6	12	8	4	7	8	10	5	10	1	0	14	1	9	14	0	2	0	7
C[C>G]G	1	1	1	3	3	1	2	0	1	4	0	4	6	0	1	2	0	2	4	1	1	0	3	1	1	2	2	2	2	0	1	3	1	2	2	0	0	2	2	3	6	0	0	1	1
C[C>G]T	9	12	15	15	16	5	15	10	17	12	0	12	14	3	6	1	4	7	14	12	14	2	11	5	8	14	17	14	15	9	11	7	12	12	11	0	0	14	0	10	23	0	8	3	22
G[C>G]A	4	2	7	7	5	7	8	2	9	7	1	8	4	5	2	2	2	3	4	6	4	0	5	1	4	6	5	11	4	4	5	7	7	1	5	1	0	10	2	8	10	2	9	1	10
G[C>G]C	4	2	6	1	3	7	9	1	4	12	1	6	4	1	3	5	2	2	9	3	4	4	5	1	2	11	4	8	5	1	9	4	6	1	5	1	0	7	1	6	14	0	12	2	7
G[C>G]G	0	2	1	1	1	3	1	3	2	1	0	4	2	1	0	8	1	1	0	1	1	0	0	2	1	1	1	1	1	1	2	4	1	0	1	0	0	1	2	2	2	0	0	0	2
G[C>G]T	1	6	10	3	8	3	6	5	6	3	0	9	7	0	2	6	1	8	7	7	5	5	13	3	8	10	8	7	6	11	12	11	7	6	12	1	1	7	1	3	11	0	7	1	12
T[C>G]A	13	7	11	14	8	11	18	11	12	12	1	15	11	3	8	1	1	11	11	6	15	3	3	5	10	22	8	13	8	11	12	14	9	13	9	1	0	14	2	9	10	1	13	2	13
T[C>G]C	9	3	8	9	13	7	14	5	11	6	0	9	8	2	4	8	1	11	10	8	7	3	8	3	10	10	9	11	13	10	12	9	2	6	11	2	0	12	2	9	26	1	9	0	20
T[C>G]G	1	0	0	2	0	2	5	1	0	1	1	1	0	0	1	2	0	1	0	1	2	2	2	3	1	3	1	0	2	0	0	2	1	1	1	0	0	1	1	1	2	1	0	0	3
T[C>G]T	18	14	22	25	21	17	38	18	28	22	4	26	19	7	8	16	6	21	26	12	30	0	27	12	19	13	16	23	35	22	26	29	26	13	25	2	2	24	2	27	36	3	21	5	20
A[C>T]A	57	48	72	54	58	16	75	37	26	49	14	82	50	18	17	19	13	47	55	51	36	9	39	14	48	77	18	63	29	32	50	60	44	45	64	9	3	65	8	63	38	10	56	8	58
A[C>T]C	24	25	39	31	25	8	43	28	21	48	5	46	36	10	10	6	7	35	27	30	13	12	26	9	35	54	14	45	20	10	34	28	38	21	49	4	3	50	3	34	30	3	30	5	24
A[C>T]G	348	249	296	278	164	21	482	318	47	329	33	449	291	134	119	20	37	270	299	256	24	77	42	80	265	456	28	375	41	45	295	328	373	191	314	36	38	382	75	334	47	73	289	46	45
A[C>T]T	27	24	60	44	26	22	37	38	24	48	3	45	41	10	12	11	11	36	28	43	22	10	30	18	34	58	21	59	23	21	36	50	50	28	48	2	7	57	13	45	20	6	34	10	18
C[C>T]A	35	28	67	45	32	20	51	41	29	33	6	66	41	11	20	14	13	33	40	23	30	7	33	13	33	51	23	38	24	29	27	38	34	30	38	4	4	42	3	35	42	7	42	10	43
C[C>T]C	42	19	40	39	27	21	36	37	30	39	4	52	36	10	9	7	7	45	30	32	20	9	20	15	44	55	24	47	28	13	51	36	45	36	48	7	7	50	7	53	45	7	32	8	35
C[C>T]G	182	99	123	145	91	7	238	159	29	182	18	296	202	63	54	7	20	180	148	112	12	34	27	40	175	213	27	236	18	19	188	181	217	62	162	11	23	235	32	192	30	31	150	22	25
C[C>T]T	59	39	59	54	27	25	72	41	58	44	3	46	48	12	20	26	7	47	42	28	31	6	50	12	48	61	38	51	43	48	39	65	45	23	62	3	7	52	9	42	61	8	43	7	38
G[C>T]A	38	29	37	41	28	14	50	27	33	40	5	42	38	9	18	11	8	25	36	30	17	6	28	20	26	53	20	39	22	22	38	33	38	25	44	2	2	39	8	29	30	5	29	5	33
G[C>T]C	39	23	41	45	27	12	57	47	23	55	2	45	43	9	19	12	4	41	49	33	11	9	30	13	37	72	18	57	36	13	33	53	40	25	43	4	3	59	10	45	30	6	42	5	25
G[C>T]G	230	122	151	194	122	9	340	200	35	240	29	292	200	64	78	6	37	181	197	133	13	59	20	62	185	314	20	251	31	23	177	185	243	95	224	27	24	256	50	214	19	49	179	27	35
G[C>T]T	41	22	58	34	30	17	56	43	38	43	5	49	36	11	12	14	5	29	50	31	23	6	20	6	27	52	27	47	31	23	44	44	35	24	41	2	4	49	6	54	31	5	36	7	20
T[C>T]A	37	39	41	37	35	20	85	31	41	39	6	81	40	17	14	30	7	30	39	23	80	14	22	20	30	54	21	42	37	40	37	35	45	29	47	8	2	43	5	49	40	4	31	8	28
T[C>T]C	46	16	66	45	29	22	58	41	35	45	3	68	38	13	16	16	7	35	48	44	31	15	21	15	36	49	24	46	32	31	39	56	55	36	39	2	4	52	8	57	41	10	42	10	29
T[C>T]G	133	108	129	123	68	5	188	117	19	134	9	207	141	56	51	9	8	119	110	106	14	27	22	34	121	161	14	148	15	13	141	136	153	69	118	9	19	151	26	121	15	24	99	10	18
T[C>T]T	37	29	58	53	41	21	75	44	35	50	3	57	45	11	20	17	12	39	45	26	57	26	28	14	38	52	21	50	38	48	43	39	52	38	47	4	7	56	27	49	38	15	39	7	29
A[T>A]A	13	10	16	17	17	9	22	23	13	19	2	12	9	11	9	16	3	17	12	8	14	6	19	9	17	22	18	13	15	21	12	22	19	6	10	1	3	14	6	13	14	5	14	2	23
A[T>A]C	11	4	23	14	20	2	23	7	12	18	1	16	12	3	4	2	1	17	9	12	11	1	11	2	17	17	16	12	8	10	12	10	11	7	13	0	0	13	0	12	16	1	9	1	12
A[T>A]G	17	7	14	15	17	6	15	10	20	12	1	8	12	4	2	6	3	13	15	11	15	2	20	3	13	16	21	21	16	21	10	12	9	6	6	0	1	21	1	20	27	1	14	3	17
A[T>A]T	16	16	35	23	29	5	42	16	9	16	3	27	20	11	8	8	3	23	23	21	13	4	13	3	22	27	14	20	15	17	18	19	32	7	12	4	3	19	5	24	17	7	12	6	12
C[T>A]A	5	4	9	9	9	3	11	3	5	10	1	6	7	2	3	5	1	5	7	6	8	1	8	0	4	9	9	8	6	5	7	5	7	6	7	1	1	10	1	11	7	0	6	0	10
C[T>A]C	5	4	12	6	18	5	16	5	11	7	1	7	5	4	5	0	1	10	10	7	10	1	7	6	12	16	8	6	12	10	11	5	10	7	12	1	0	8	1	11	9	1	5	2	6
C[T>A]G	7	4	9	9	7	7	19	6	8	9	0	11	8	6	6	8	1	16	10	6	14	2	12	2	15	10	12	7	8	10	7	12	16	3	14	0	0	7	0	11	20	1	11	0	19
C[T>A]T	12	10	20	9	15	5	20	9	12	12	2	11	16	3	4	2	2	9	9	7	10	2	6	7	9	17	7	17	12	18	8	17	14	7	11	1	0	18	7	15	16	3	9	2	12
G[T>A]A	8	2	7	3	9	5	9	1	4	4	0	5	3	1	1	2	3	12	2	4	5	0	8	2	10	7	5	7	8	6	6	7	7	1	3	0	1	5	3	2	9	1	4	0	7
G[T>A]C	4	3	6	2	9	0	7	3	9	2	0	6	4	3	1	1	1	7	6	8	3	0	7	8	7	7	6	8	4	8	0	7	4	1	7	1	1	9	0	0	2	0	8	1	7
G[T>A]G	4	2	4	2	10	7	11	2	9	6	1	5	7	0	2	5	2	6	9	3	5	2	8	2	7	8	11	8	12	8	4	4	7	3	13	1	0	9	2	6	17	1	7	1	14
G[T>A]T	6	7	7	7	7	4	14	6	6	6	1	5	8	1	2	5	1	6	5	4	7	1	8	6	7	3	7	6	7	10	4	4	12	4	7	2	0	8	2	12	7	1	3	2	14
T[T>A]A	16	13	18	8	16	2	23	19	11	12	1	21	12	7	4	6	2	21	22	14	11	1	8	6	16	19	12	10	8	10	11	18	9	5	9	0	2	14	4	16	15	9	14	3	14
T[T>A]C	7	2	8	7	14	6	13	6	6	5	0	7	11	1	8	3	2	8	12	9	8	4	7	7	8	6	11	5	6	13	5	2	6	4	9	1	0	5	1	9	8	3	8	0	7
T[T>A]G	8	7	7	5	12	2	9	4	11	7	3	10	3	1	2	3	2	5	6	3	10	2	8	3	5	9	11	3	13	9	1	3	8	5	10	0	0	4	0	7	11	0	7	2	15
T[T>A]T	27	8	32	28	22	9	39	23	21	29	3	30	19	17	12	6	10	26	17	8	5	6	13	8	25	21	17	26	25	14	23	21	19	12	23	5	1	28	7	23	23	2	21	8	22
A[T>C]A	49	16	52	52	67	31	91	31	57	43	4	57	37	42	15	25	10	42	37	39	50	8	42	18	41	73	40	52	65	56	38	42	49	21	40	5	4	53	5	45	72	4	36	9	62
A[T>C]C	13	6	12	15	20	7	26	8	13	14	2	26	12	8	6	7	7	15	17	12	15	3	12	12	14	20	11	27	15	21	17	14	20	10	13	1	0	26	4	25	23	3	16	5	20
A[T>C]G	36	24	39	26	42	25	48	17	48	24	4	27	22	14	9	22	4	30	29	23	30	1	48	1	29	43	48	35	33	68	24	36	31	11	31	3	1	33	3	32	57	7	21	3	78
A[T>C]T	42	34	59	51	48	27	65	45	46	42	3	64	42	38	23	17	17	42	50	38	27	7	45	28	41	66	34	67	42	50	37	45	45	40	45	4	2	63	4	56	51	5	44	13	50
C[T>C]A	24	12	17	14	18	4	29	7	15	16	1	14	20	5	8	10	2	15	23	15	9	0	8	4	15	21	14	21	14	18	18	25	10	11	12	0	1	25	2	14	25	2	18	3	19
C[T>C]C	10	9	18	20	14	6	23	13	9	13	3	21	9	5	2	11	2	16	19	12	7	5	9	6	17	19	3	15	7	11	19	16	20	8	14	3	3	18	4	19	13	4	16	1	14
C[T>C]G	18	10	16	19	31	6	13	13	13	24	1	19	13	8	6	11	3	17	14	11	18	0	21	5	16	14	24	20	13	23	10	16	15	13	19	0	2	21	4	18	29	3	19	1	20
C[T>C]T	29	17	17	25	21	11	33	19	15	23	6	32	21	4	8	11	4	10	15	12	6	6	7	5	9	30	11	18	14	5	20	9	20	10	18	4	2	21	5	14	18	4	16	2	21
G[T>C]A	30	12	14	23	22	12	35	18	16	27	5	23	19	5	9	9	2	20	23	22	22	5	15	4	20	30	15	28	12	22	21	34	21	12	21	0	1	26	7	16	36	4	26	2	23
G[T>C]C	21	5	19	12	13	1	30	14	8	21	4	14	19	9	3	3	0	21	19	3	6	6	4	6	20	19	7	15	11	6	10	17	18	15	15	1	1	17	5	16	7	5	11	0	7
G[T>C]G	13	11	22	17	15	7	24	13	14	22	1	18	13	7	4	10	1	27	12	12	18	4	14	4	25	14	10	18	11	27	29	16	15	6	13	2	5	19	2	24	24	3	12	1	21
G[T>C]T	17	19	25	24	42	13	44	26	15	31	1	30	30	9	8	9	3	30	23	17	15	5	26	12	30	31	12	21	17	27	26	23	19	21	33	3	2	22	8	25	25	1	22	4	39
T[T>C]A	18	10	20	19	34	11	39	22	22	18	2	27	18	7	9	11	6	21	22	24	22	2	20	6	19	36	24	18	27	20	15	16	23	14	16	0	3	18	6	20	26	6	14	4	23
T[T>C]C	16	9	20	11	17	4	24	17	8	23	4	17	12	6	6	3	3	17	12	16	8	2	9	9	18	23	10	23	7	15	21	16	25	12	12	3	1	22	6	13	20	4	12	3	9
T[T>C]G	13	7	10	17	18	8	22	14	15	13	1	21	15	3	3	14	3	15	14	6	15	1	12	5	14	22	15	22	16	16	11	8	15	6	15	2	1	22	0	12	17	2	12	4	21
T[T>C]T	25	26	24	33	31	3	54	21	27	28	7	46	37	23	32	7	12	34	18	20	17	13	20	14	30	44	21	48	22	15	30	24	34	17	24	7	2	50	19	28	28	12	29	10	36
A[T>G]A	7	7	7	4	5	4	9	6	5	6	1	4	6	3	3	4	4	8	9	8	6	0	5	1	9	13	2	7	9	8	7	2	11	5	9	0	0	7	1	8	13	1	5	1	5
A[T>G]C	1	2	3	3	5	2	6	2	5	4	0	2	2	3	0	2	1	3	3	3	2	0	3	1	3	5	3	2	2	10	3	5	6	3	1	0	0	1	2	2	6	1	1	1	3
A[T>G]G	4	5	8	9	9	6	8	3	7	5	0	5	5	1	3	3	0	7	8	3	9	1	3	2	7	11	7	9	4	3	7	9	4	7	15	0	0	9	1	7	9	0	5	0	9
A[T>G]T	8	3	10	9	17	9	10	6	12	8	1	11	7	3	7	7	1	12	17	7	11	2	2	6	11	9	6	7	12	9	13	3	16	8	9	0	1	7	1	13	8	4	7	1	13
C[T>G]A	4	1	3	7	8	3	5	2	4	3	0	6	0	0	2	1	0	4	2	3	2	0	5	1	4	8	1	0	5	1	5	5	3	2	4	0	0	1	0	5	5	2	0	0	4
C[T>G]C	5	3	4	4	9	2	3	3	9	9	1	6	3	1	2	1	1	4	8	5	8	2	3	4	3	6	2	5	6	2	0	3	3	1	12	0	0	5	0	7	11	2	8	0	8
C[T>G]G	2	3	9	5	7	2	7	5	3	5	0	7	6	1	1	8	1	6	7	5	5	1	5	2	6	7	6	7	7	9	6	6	2	6	9	2	0	7	1	2	9	5	6	1	7
C[T>G]T	4	8	9	7	10	6	13	5	13	5	2	10	12	3	3	1	1	11	6	7	15	1	6	4	12	12	9	7	15	11	7	7	15	8	5	0	0	6	0	9	12	1	9	2	6
G[T>G]A	2	4	0	3	3	3	4	3	1	3	1	2	2	1	1	2	2	6	2	3	0	1	3	0	5	10	3	2	4	6	1	7	2	3	3	0	0	2	3	5	1	1	1	1	1
G[T>G]C	3	1	1	6	1	2	4	0	1	1	0	0	4	1	1	2	0	1	1	2	2	5	2	1	2	4	3	1	5	1	2	2	2	2	1	1	0	1	7	1	3	4	2	0	3
G[T>G]G	7	3	11	4	5	12	8	6	3	6	0	8	6	1	5	16	0	3	4	1	3	5	3	1	3	5	6	5	3	7	3	3	8	3	6	2	1	5	9	6	3	5	4	0	4
G[T>G]T	9	2	5	4	3	5	12	6	8	4	0	8	6	0	5	5	2	1	4	5	3	8	4	3	1	8	8	5	9	5	5	12	9	3	13	0	0	5	5	8	7	2	4	1	4
T[T>G]A	3	9	4	13	11	4	12	7	8	6	1	11	11	1	4	8	1	6	4	3	7	3	5	2	6	10	4	6	10	10	11	9	11	6	12	2	2	6	3	4	11	1	10	1	21
T[T>G]C	4	5	8	5	2	3	11	4	8	11	0	4	7	4	1	9	3	12	6	5	9	1	5	1	11	3	9	10	9	10	8	9	5	4	2	0	1	10	0	8	12	3	3	3	6
T[T>G]G	9	4	8	8	10	5	12	7	9	8	1	5	8	1	1	7	2	3	8	5	8	1	6	6	3	16	11	6	8	7	9	6	9	2	12	1	0	6	3	7	9	2	5	1	14
T[T>G]T	23	12	23	14	17	10	29	17	32	24	3	25	16	13	12	10	7	17	15	7	21	12	18	16	17	23	15	25	19	15	14	18	28	9	24	3	5	24	6	21	28	10	14	6	35
