sample	Nonsynonymous	Synonymous
TCGA-3C-AAAU-01A-11D-A41F-09	0.29773245473809196	0.132325535439152
TCGA-4H-AAAK-01A-12D-A41F-09	0.29773245473809196	0.049622075789681995
TCGA-5L-AAT0-01A-12D-A41F-09	1.8856388800079158	0.8435752884245938
TCGA-5L-AAT1-01A-12D-A41F-09	14.803919277255128	5.342643493355761
TCGA-A1-A0SD-01A-11D-A10Y-09	0.4796800659669259	0.09924415157936399
TCGA-A1-A0SE-01A-11D-A099-09	0.41351729824734995	0.14886622736904598
TCGA-A1-A0SF-01A-11D-A142-09	0.6285462933359719	0.18194761122883396
TCGA-A1-A0SG-01A-11D-A142-09	0.3638952224576679	0.08270345964946998
TCGA-A1-A0SH-01A-11D-A099-09	1.2736332786018378	0.43005799017724394
TCGA-A1-A0SI-01A-11D-A142-09	2.4976444814139938	0.9262787480740639
TCGA-A1-A0SN-01A-11D-A142-09	0.8931973642142759	0.18194761122883396
TCGA-A1-A0SO-01A-22D-A099-09	4.350201977562121	1.0420635915833218
TCGA-A2-A04N-01A-11D-A10Y-09	0.5127614498267139	0.19848830315872798
TCGA-A2-A04U-01A-11D-A10Y-09	0.8104939045648059	0.18194761122883396
TCGA-A2-A04W-01A-31D-A10Y-09	1.8029354203584458	0.612005601406078
TCGA-A2-A0CK-01A-11D-A228-09	0.21502899508862197	0.16540691929893997
TCGA-A2-A0CS-01A-11D-A10Y-09	0.5458428336865019	0.19848830315872798
TCGA-A2-A0CW-01A-21D-A10Y-09	0.7608718287751239	0.132325535439152
TCGA-A2-A0D3-01A-11D-A10Y-09	0.31427314666798595	0.132325535439152
TCGA-A2-A0EN-01A-13D-A099-09	0.41351729824734995	0.066162767719576
TCGA-A2-A0EP-01A-52D-A22X-09	0.21502899508862197	0.016540691929894
TCGA-A2-A0ES-01A-11D-A10Y-09	0.16540691929893997	0.08270345964946998
TCGA-A2-A0EW-01A-21D-A10Y-09	0.24811037894840995	0.016540691929894
TCGA-A2-A0ST-01A-12D-A099-09	0.21502899508862197	0.132325535439152
TCGA-A2-A0SU-01A-11D-A099-09	0.43005799017724394	0.132325535439152
TCGA-A2-A0SX-01A-12D-A099-09	0.34735453052777393	0.14886622736904598
TCGA-A2-A0SY-01A-31D-A099-09	1.6871505768491877	0.6781683691256539
TCGA-A2-A0T0-01A-22D-A099-09	2.3487782540449476	0.612005601406078
TCGA-A2-A0T3-01A-21D-A10Y-09	0.4631393740370319	0.19848830315872798
TCGA-A2-A0T4-01A-31D-A099-09	0.3638952224576679	0.11578484350925798
TCGA-A2-A0T5-01A-21D-A099-09	0.264651070878304	0.0
TCGA-A2-A0T6-01A-11D-A099-09	0.19848830315872798	0.09924415157936399
TCGA-A2-A0T7-01A-21D-A099-09	0.28119176280819796	0.066162767719576
TCGA-A2-A0YC-01A-11D-A117-09	0.29773245473809196	0.033081383859788
TCGA-A2-A0YD-01A-11D-A10G-09	0.9097380561441699	0.34735453052777393
TCGA-A2-A0YE-01A-11D-A10G-09	0.3638952224576679	0.21502899508862197
TCGA-A2-A0YG-01A-21D-A10G-09	0.6781683691256539	0.23156968701851596
TCGA-A2-A0YH-01A-11D-A10G-09	1.0916856673730038	0.31427314666798595
TCGA-A2-A0YI-01A-31D-A10M-09	0.16540691929893997	0.08270345964946998
TCGA-A2-A0YJ-01A-11D-A10G-09	1.058604283513216	0.16540691929893997
TCGA-A2-A0YK-01A-22D-A117-09	4.6644751242301075	1.7698540364986577
TCGA-A2-A0YL-01A-21D-A10G-09	0.39697660631745596	0.21502899508862197
TCGA-A2-A0YM-01A-11D-A10G-09	1.058604283513216	0.33081383859787994
TCGA-A2-A0YT-01A-11D-A10G-09	0.7608718287751239	0.132325535439152
TCGA-A2-A1FV-01A-11D-A13L-09	0.5458428336865019	0.11578484350925798
TCGA-A2-A1FW-01A-11D-A13L-09	0.8601159803544879	0.41351729824734995
TCGA-A2-A1FX-01A-11D-A13L-09	0.34735453052777393	0.049622075789681995
TCGA-A2-A1FZ-01A-51D-A17G-09	0.39697660631745596	0.033081383859788
TCGA-A2-A1G0-01A-11D-A13L-09	0.28119176280819796	0.049622075789681995
TCGA-A2-A1G1-01A-21D-A13L-09	0.4962207578968199	0.132325535439152
TCGA-A2-A1G6-01A-11D-A13L-09	0.11578484350925798	0.049622075789681995
TCGA-A2-A25A-01A-12D-A16D-09	5.706538715813429	1.4886622736904598
TCGA-A2-A25C-01A-11D-A167-09	0.4796800659669259	0.09924415157936399
TCGA-A2-A25D-01A-12D-A16D-09	0.7277904449153358	0.21502899508862197
TCGA-A2-A25F-01A-11D-A167-09	0.08270345964946998	0.033081383859788
TCGA-A2-A3KD-01A-12D-A20S-09	0.16540691929893997	0.08270345964946998
TCGA-A2-A4S1-01A-21D-A25Q-09	1.07514497544311	0.09924415157936399
TCGA-A2-A4S2-01A-12D-A25Q-09	0.39697660631745596	0.132325535439152
TCGA-A7-A0DA-01A-31D-A10Y-09	2.1833713347460075	0.33081383859787994
TCGA-A7-A0DB-01A-11D-A272-09	0.41351729824734995	0.24811037894840995
TCGA-A7-A13E-01A-11D-A272-09	0.5623835256163959	0.132325535439152
TCGA-A7-A13F-01A-11D-A12Q-09	0.5623835256163959	0.049622075789681995
TCGA-A7-A13G-01A-11D-A13L-09	0.29773245473809196	0.16540691929893997
TCGA-A7-A26E-01A-11D-A272-09	0.5954649094761839	0.19848830315872798
TCGA-A7-A26F-01A-21D-A167-09	0.5458428336865019	0.19848830315872798
TCGA-A7-A26H-01A-11D-A167-09	1.5879064252698238	0.5623835256163959
TCGA-A7-A26I-01A-11D-A167-09	0.5789242175462899	0.066162767719576
TCGA-A7-A26J-01A-11D-A272-09	0.31427314666798595	0.08270345964946998
TCGA-A7-A3RF-01A-11D-A228-09	0.34735453052777393	0.23156968701851596
TCGA-A7-A425-01A-11D-A243-09	0.43005799017724394	0.11578484350925798
TCGA-A7-A4SC-01A-12D-A25Q-09	0.3638952224576679	0.066162767719576
TCGA-A7-A5ZX-01A-12D-A29N-09	0.44659868210713793	0.11578484350925798
TCGA-AC-A23C-01A-12D-A167-09	1.5713657333399298	0.41351729824734995
TCGA-AC-A23E-01A-11D-A159-09	0.264651070878304	0.066162767719576
TCGA-AC-A23H-01A-11D-A159-09	52.665563104782485	17.615836905337108
TCGA-AC-A2B8-01A-11D-A17D-09	1.2074705108822619	0.43005799017724394
TCGA-AC-A2FB-01A-11D-A17D-09	0.11578484350925798	0.066162767719576
TCGA-AC-A2FG-01A-11D-A17D-09	0.44659868210713793	0.18194761122883396
TCGA-AC-A2FO-01A-11D-A17W-09	0.41351729824734995	0.066162767719576
TCGA-AC-A2QH-01A-11D-A18P-09	0.4631393740370319	0.132325535439152
TCGA-AC-A3HN-01A-11D-A20S-09	0.33081383859787994	0.08270345964946998
TCGA-AC-A3OD-01A-11D-A21Q-09	0.3638952224576679	0.049622075789681995
TCGA-AC-A3QP-01A-11D-A22X-09	0.3638952224576679	0.066162767719576
TCGA-AC-A3QQ-01A-11D-A228-09	0.44659868210713793	0.066162767719576
TCGA-AC-A3YI-01A-21D-A23C-09	0.21502899508862197	0.049622075789681995
TCGA-AC-A3YJ-01A-11D-A22X-09	0.19848830315872798	0.14886622736904598
TCGA-AC-A4ZE-01A-11D-A41F-09	0.6616276771957599	0.132325535439152
TCGA-AC-A5EI-01A-11D-A27P-09	0.41351729824734995	0.09924415157936399
TCGA-AC-A5XS-01A-11D-A29N-09	5.805782867392793	2.0841271831666437
TCGA-AC-A62Y-01A-11D-A29N-09	0.8931973642142759	0.21502899508862197
TCGA-AC-A6IV-01A-12D-A33E-09	0.16540691929893997	0.09924415157936399
TCGA-AC-A7VC-01A-11D-A351-09	0.21502899508862197	0.09924415157936399
TCGA-AC-A8OR-01A-21D-A41F-09	0.39697660631745596	0.16540691929893997
TCGA-AC-A8OS-01A-12D-A41F-09	0.5458428336865019	0.24811037894840995
TCGA-AN-A0XN-01A-21D-A10G-09	2.2329934105356894	0.43005799017724394
TCGA-AN-A0XO-01A-11D-A10G-09	0.43005799017724394	0.09924415157936399
TCGA-AN-A0XP-01A-11D-A117-09	0.31427314666798595	0.11578484350925798
TCGA-AN-A0XR-01A-11D-A10G-09	0.44659868210713793	0.066162767719576
TCGA-AN-A0XS-01A-22D-A10G-09	0.41351729824734995	0.033081383859788
TCGA-AN-A0XT-01A-11D-A10G-09	0.11578484350925798	0.11578484350925798
TCGA-AN-A0XU-01A-11D-A10G-09	1.6871505768491877	0.34735453052777393
TCGA-AN-A0XV-01A-11D-A10G-09	0.39697660631745596	0.132325535439152
TCGA-AN-A0XW-01A-11D-A10G-09	4.102091598613711	1.3067146624616257
TCGA-AO-A03V-01A-11D-A10Y-09	0.7277904449153358	0.132325535439152
TCGA-AO-A0JG-01A-31D-A099-09	0.19848830315872798	0.016540691929894
TCGA-AO-A124-01A-11D-A10M-09	2.0510457993068556	0.38043591438756197
TCGA-AO-A128-01A-11D-A10M-09	15.316680727081842	4.565230972650744
TCGA-AO-A12A-01A-21D-A10Y-09	0.18194761122883396	0.049622075789681995
TCGA-AO-A12D-01A-11D-A10Y-09	0.7774125207050179	0.24811037894840995
TCGA-AO-A12F-01A-11D-A10Y-09	0.5458428336865019	0.08270345964946998
TCGA-AO-A1KO-01A-31D-A188-09	0.066162767719576	0.0
TCGA-AO-A1KR-01A-12D-A142-09	0.9428194400039579	0.33081383859787994
TCGA-AO-A1KT-01A-11D-A13L-09	0.5458428336865019	0.21502899508862197
TCGA-AQ-A04H-01B-11D-A10M-09	1.0089822077235338	0.24811037894840995
TCGA-AQ-A0Y5-01A-11D-A14K-09	0.7939532126349119	0.21502899508862197
TCGA-AQ-A1H2-01A-11D-A13L-09	0.3638952224576679	0.11578484350925798
TCGA-AQ-A1H3-01A-31D-A13L-09	0.28119176280819796	0.11578484350925798
TCGA-AQ-A7U7-01A-22D-A351-09	0.8601159803544879	0.34735453052777393
TCGA-AR-A0TP-01A-11D-A099-09	0.9097380561441699	0.24811037894840995
TCGA-AR-A0TQ-01A-11D-A099-09	0.43005799017724394	0.18194761122883396
TCGA-AR-A0TR-01A-11D-A099-09	0.43005799017724394	0.14886622736904598
TCGA-AR-A0TS-01A-11D-A10Y-09	1.1082263593028978	0.33081383859787994
TCGA-AR-A0TW-01A-11D-A099-09	0.7112497529854419	0.21502899508862197
TCGA-AR-A0TZ-01A-12D-A099-09	0.6947090610555479	0.132325535439152
TCGA-AR-A0U0-01A-11D-A10G-09	10.999560133379509	0.5623835256163959
TCGA-AR-A0U1-01A-11D-A10Y-09	1.1082263593028978	0.264651070878304
TCGA-AR-A0U2-01A-11D-A10G-09	2.5307258652737814	0.23156968701851596
TCGA-AR-A0U3-01A-11D-A10G-09	0.529302141756608	0.11578484350925798
TCGA-AR-A1AH-01A-11D-A12B-09	1.1082263593028978	0.43005799017724394
TCGA-AR-A1AI-01A-11D-A12Q-09	1.141307743162686	0.21502899508862197
TCGA-AR-A1AJ-01A-21D-A12Q-09	0.612005601406078	0.09924415157936399
TCGA-AR-A1AK-01A-21D-A12Q-09	0.7774125207050179	0.21502899508862197
TCGA-AR-A1AL-01A-21D-A12Q-09	0.3638952224576679	0.066162767719576
TCGA-AR-A1AN-01A-11D-A12Q-09	0.28119176280819796	0.049622075789681995
TCGA-AR-A1AO-01A-11D-A12Q-09	1.3894181221110957	0.39697660631745596
TCGA-AR-A1AP-01A-11D-A12Q-09	0.43005799017724394	0.033081383859788
TCGA-AR-A1AQ-01A-11D-A12Q-09	0.612005601406078	0.08270345964946998
TCGA-AR-A1AR-01A-31D-A135-09	0.6781683691256539	0.18194761122883396
TCGA-AR-A1AT-01A-11D-A12Q-09	0.3638952224576679	0.11578484350925798
TCGA-AR-A1AU-01A-11D-A12Q-09	0.28119176280819796	0.08270345964946998
TCGA-AR-A1AW-01A-21D-A12Q-09	0.4631393740370319	0.16540691929893997
TCGA-AR-A1AX-01A-11D-A12Q-09	0.39697660631745596	0.066162767719576
TCGA-AR-A1AY-01A-21D-A12Q-09	0.7608718287751239	0.16540691929893997
TCGA-AR-A24H-01A-11D-A167-09	2.06758649123675	0.44659868210713793
TCGA-AR-A24K-01A-11D-A167-09	0.38043591438756197	0.09924415157936399
TCGA-AR-A24L-01A-11D-A167-09	0.529302141756608	0.18194761122883396
TCGA-AR-A24M-01A-11D-A167-09	0.23156968701851596	0.132325535439152
TCGA-AR-A24N-01A-11D-A167-09	0.4962207578968199	0.14886622736904598
TCGA-AR-A24O-01A-11D-A167-09	0.21502899508862197	0.066162767719576
TCGA-AR-A24P-01A-11D-A167-09	0.38043591438756197	0.049622075789681995
TCGA-AR-A24Q-01A-12D-A167-09	2.1337492589563256	0.7277904449153358
TCGA-AR-A24R-01A-11D-A167-09	0.31427314666798595	0.066162767719576
TCGA-AR-A24S-01A-11D-A167-09	0.5954649094761839	0.18194761122883396
TCGA-AR-A24T-01A-11D-A167-09	0.34735453052777393	0.066162767719576
TCGA-AR-A24U-01A-11D-A167-09	0.529302141756608	0.11578484350925798
TCGA-AR-A24V-01A-21D-A167-09	0.33081383859787994	0.11578484350925798
TCGA-AR-A24W-01A-11D-A17G-09	0.16540691929893997	0.049622075789681995
TCGA-AR-A24X-01A-11D-A167-09	0.4796800659669259	0.16540691929893997
TCGA-AR-A24Z-01A-11D-A167-09	0.6285462933359719	0.11578484350925798
TCGA-AR-A250-01A-31D-A167-09	1.5052029656203538	0.43005799017724394
TCGA-AR-A251-01A-12D-A167-09	2.4149410217645237	0.529302141756608
TCGA-AR-A252-01A-11D-A167-09	0.16540691929893997	0.033081383859788
TCGA-AR-A254-01A-21D-A167-09	0.4796800659669259	0.132325535439152
TCGA-AR-A255-01A-11D-A167-09	0.9097380561441699	0.28119176280819796
TCGA-AR-A256-01A-11D-A167-09	2.9277024715912376	0.7277904449153358
TCGA-AR-A2LE-01A-11D-A17W-09	3.6224115326467854	1.3232553543915198
TCGA-AR-A2LH-01A-31D-A18P-09	0.8601159803544879	0.11578484350925798
TCGA-AR-A2LK-01A-11D-A17W-09	0.4631393740370319	0.18194761122883396
TCGA-AR-A2LL-01A-11D-A17W-09	0.4631393740370319	0.08270345964946998
TCGA-AR-A2LM-01A-11D-A17W-09	0.18194761122883396	0.049622075789681995
TCGA-AR-A2LN-01A-21D-A18P-09	0.529302141756608	0.21502899508862197
TCGA-AR-A2LO-01A-31D-A18P-09	0.21502899508862197	0.049622075789681995
TCGA-AR-A2LQ-01A-22D-A18P-09	0.19848830315872798	0.049622075789681995
TCGA-AR-A2LR-01A-12D-A18P-09	0.8766566722843818	0.29773245473809196
TCGA-AR-A5QM-01A-11D-A27P-09	0.34735453052777393	0.066162767719576
TCGA-AR-A5QN-01A-12D-A28B-09	0.4631393740370319	0.132325535439152
TCGA-AR-A5QP-01A-11D-A28B-09	0.3638952224576679	0.033081383859788
TCGA-AR-A5QQ-01A-11D-A28B-09	1.0916856673730038	0.23156968701851596
TCGA-B6-A0IH-01A-11D-A10Y-09	0.529302141756608	0.09924415157936399
TCGA-B6-A0RN-01A-12D-A099-09	0.3638952224576679	0.16540691929893997
TCGA-B6-A0RO-01A-22D-A099-09	0.4796800659669259	0.08270345964946998
TCGA-B6-A0RP-01A-21D-A099-09	0.29773245473809196	0.049622075789681995
TCGA-B6-A0RQ-01A-11D-A10Y-09	0.5623835256163959	0.23156968701851596
TCGA-B6-A0RT-01A-21D-A099-09	0.7774125207050179	0.132325535439152
TCGA-B6-A0RU-01A-11D-A099-09	0.7112497529854419	0.18194761122883396
TCGA-B6-A0RV-01A-11D-A099-09	0.529302141756608	0.28119176280819796
TCGA-B6-A0WT-01A-11D-A10G-09	0.18194761122883396	0.08270345964946998
TCGA-B6-A0WV-01A-11D-A10G-09	0.43005799017724394	0.11578484350925798
TCGA-B6-A0WY-01A-11D-A10G-09	0.4796800659669259	0.033081383859788
TCGA-B6-A0X0-01A-21D-A10Y-09	0.23156968701851596	0.066162767719576
TCGA-B6-A0X1-01A-11D-A10G-09	1.0916856673730038	0.21502899508862197
TCGA-B6-A0X4-01A-11D-A10G-09	0.28119176280819796	0.08270345964946998
TCGA-B6-A1KN-01A-11D-A13L-09	0.8435752884245938	0.21502899508862197
TCGA-B6-A2IU-01A-32D-A19T-09	0.4962207578968199	0.09924415157936399
TCGA-B6-A40B-01A-11D-A23C-09	0.612005601406078	0.18194761122883396
TCGA-B6-A40C-01A-11D-A23C-09	0.4962207578968199	0.132325535439152
TCGA-BH-A0AU-01A-11D-A12Q-09	0.24811037894840995	0.11578484350925798
TCGA-BH-A0AZ-01A-21D-A12Q-09	0.8435752884245938	0.19848830315872798
TCGA-BH-A0B6-01A-11D-A19Y-09	10.205606920744597	3.7712777600158316
TCGA-BH-A0B7-01A-12D-A10Y-09	0.4796800659669259	0.08270345964946998
TCGA-BH-A0BC-01A-22D-A099-09	0.39697660631745596	0.19848830315872798
TCGA-BH-A0BF-01A-21D-A12Q-09	0.29773245473809196	0.16540691929893997
TCGA-BH-A0BG-01A-11D-A10Y-09	0.529302141756608	0.132325535439152
TCGA-BH-A0BL-01A-11D-A10Y-09	0.8104939045648059	0.132325535439152
TCGA-BH-A0BO-01A-23D-A12B-09	0.34735453052777393	0.08270345964946998
TCGA-BH-A0BP-01A-11D-A10Y-09	1.9021795719378096	0.612005601406078
TCGA-BH-A0BQ-01A-21D-A10Y-09	0.29773245473809196	0.066162767719576
TCGA-BH-A0BS-01A-11D-A12Q-09	0.14886622736904598	0.09924415157936399
TCGA-BH-A0BT-01A-11D-A12Q-09	0.4962207578968199	0.09924415157936399
TCGA-BH-A0BZ-01A-31D-A12Q-09	3.5727894568571035	0.6947090610555479
TCGA-BH-A0C1-01B-11D-A12B-09	0.4796800659669259	0.19848830315872798
TCGA-BH-A0C3-01A-21D-A12Q-09	0.16540691929893997	0.08270345964946998
TCGA-BH-A0C7-01B-11D-A10Y-09	0.6616276771957599	0.23156968701851596
TCGA-BH-A0DE-01A-11D-A10Y-09	0.41351729824734995	0.08270345964946998
TCGA-BH-A0DH-01A-11D-A099-09	0.5623835256163959	0.11578484350925798
TCGA-BH-A0DI-01A-21D-A12Q-09	0.4962207578968199	0.11578484350925798
TCGA-BH-A0DL-01A-11D-A10Y-09	0.6616276771957599	0.14886622736904598
TCGA-BH-A0DO-01B-11D-A12B-09	0.33081383859787994	0.09924415157936399
TCGA-BH-A0DQ-01A-11D-A099-09	0.5127614498267139	0.066162767719576
TCGA-BH-A0DT-01A-21D-A12B-09	0.21502899508862197	0.016540691929894
TCGA-BH-A0DV-01A-21D-A12Q-09	0.16540691929893997	0.033081383859788
TCGA-BH-A0DX-01A-11D-A10Y-09	0.8104939045648059	0.19848830315872798
TCGA-BH-A0E9-01B-11D-A10Y-09	0.43005799017724394	0.033081383859788
TCGA-BH-A0EA-01A-11D-A10Y-09	0.33081383859787994	0.066162767719576
TCGA-BH-A0EI-01A-11D-A10Y-09	0.28119176280819796	0.049622075789681995
TCGA-BH-A0H3-01A-11D-A12Q-09	0.19848830315872798	0.049622075789681995
TCGA-BH-A0H5-01A-21D-A10Y-09	1.6540691929893998	0.5127614498267139
TCGA-BH-A0HA-01A-11D-A12Q-09	4.432905437211591	1.0916856673730038
TCGA-BH-A0HI-01A-11D-A099-09	0.44659868210713793	0.049622075789681995
TCGA-BH-A0HN-01A-11D-A099-09	0.43005799017724394	0.14886622736904598
TCGA-BH-A0HP-01A-12D-A099-09	3.2088942343994353	1.1578484350925797
TCGA-BH-A0RX-01A-21D-A099-09	0.5789242175462899	0.14886622736904598
TCGA-BH-A0W3-01A-11D-A10G-09	0.16540691929893997	0.14886622736904598
TCGA-BH-A0W4-01A-11D-A10G-09	0.43005799017724394	0.08270345964946998
TCGA-BH-A0W5-01A-11D-A10G-09	0.38043591438756197	0.049622075789681995
TCGA-BH-A0W7-01A-11D-A10Y-09	2.365318945974842	1.0916856673730038
TCGA-BH-A0WA-01A-11D-A10G-09	1.3894181221110957	0.31427314666798595
TCGA-BH-A18F-01A-11D-A12B-09	0.612005601406078	0.19848830315872798
TCGA-BH-A18G-01A-11D-A12B-09	16.689558157263043	5.309562109495973
TCGA-BH-A18H-01A-11D-A12B-09	0.6616276771957599	0.132325535439152
TCGA-BH-A18I-01A-11D-A12B-09	0.3638952224576679	0.049622075789681995
TCGA-BH-A18J-01A-11D-A12B-09	1.07514497544311	0.264651070878304
TCGA-BH-A18K-01A-11D-A12B-09	0.7443311368452299	0.24811037894840995
TCGA-BH-A18L-01A-32D-A12B-09	0.5458428336865019	0.24811037894840995
TCGA-BH-A18M-01A-11D-A12B-09	0.16540691929893997	0.033081383859788
TCGA-BH-A18N-01A-11D-A12B-09	0.4631393740370319	0.19848830315872798
TCGA-BH-A18P-01A-11D-A12B-09	3.7051149922962554	1.5052029656203538
TCGA-BH-A18Q-01A-12D-A12B-09	1.0255228996534278	0.43005799017724394
TCGA-BH-A18R-01A-11D-A12B-09	0.41351729824734995	0.14886622736904598
TCGA-BH-A18S-01A-11D-A12B-09	0.33081383859787994	0.14886622736904598
TCGA-BH-A18T-01A-11D-A12B-09	0.9428194400039579	0.31427314666798595
TCGA-BH-A18U-01A-21D-A12B-09	1.5382843494801417	0.6616276771957599
TCGA-BH-A1EO-01A-11D-A135-09	0.5127614498267139	0.066162767719576
TCGA-BH-A1ET-01A-11D-A135-09	0.33081383859787994	0.08270345964946998
TCGA-BH-A1EU-01A-11D-A135-09	0.24811037894840995	0.049622075789681995
TCGA-BH-A1EV-01A-11D-A135-09	1.1247670512327919	0.34735453052777393
TCGA-BH-A1EW-01A-11D-A135-09	0.14886622736904598	0.016540691929894
TCGA-BH-A1EX-01A-11D-A13L-09	0.23156968701851596	0.049622075789681995
TCGA-BH-A1EY-01A-11D-A13L-09	0.529302141756608	0.21502899508862197
TCGA-BH-A1F0-01A-11D-A135-09	0.8270345964946999	0.44659868210713793
TCGA-BH-A1F2-01A-31D-A13L-09	0.6616276771957599	0.23156968701851596
TCGA-BH-A1F5-01A-12D-A13L-09	0.5458428336865019	0.16540691929893997
TCGA-BH-A1F6-01A-11D-A13L-09	0.529302141756608	0.24811037894840995
TCGA-BH-A1F8-01A-11D-A13L-09	1.9518016477274918	0.5623835256163959
TCGA-BH-A1FG-01A-11D-A13L-09	0.28119176280819796	0.08270345964946998
TCGA-BH-A1FH-01A-12D-A13L-09	0.29773245473809196	0.16540691929893997
TCGA-BH-A1FJ-01A-11D-A13L-09	0.29773245473809196	0.19848830315872798
TCGA-BH-A1FL-01A-11D-A13L-09	0.29773245473809196	0.066162767719576
TCGA-BH-A1FM-01A-11D-A13L-09	0.6450869852658659	0.21502899508862197
TCGA-BH-A1FN-01A-11D-A13L-09	1.372877430181202	0.4962207578968199
TCGA-BH-A1FR-01A-11D-A13L-09	0.21502899508862197	0.016540691929894
TCGA-BH-A1FU-01A-11D-A14G-09	1.3563367382513078	0.31427314666798595
TCGA-BH-A201-01A-11D-A14K-09	0.24811037894840995	0.049622075789681995
TCGA-BH-A202-01A-11D-A14K-09	0.34735453052777393	0.066162767719576
TCGA-BH-A203-01A-12D-A167-09	0.8931973642142759	0.38043591438756197
TCGA-BH-A204-01A-11D-A159-09	0.529302141756608	0.09924415157936399
TCGA-BH-A208-01A-11D-A159-09	0.8931973642142759	0.24811037894840995
TCGA-BH-A28Q-01A-11D-A16D-09	0.28119176280819796	0.08270345964946998
TCGA-BH-A2L8-01A-11D-A18P-09	5.938108402831945	2.2164527186057956
TCGA-BH-A6R9-01A-21D-A32I-09	0.14886622736904598	0.049622075789681995
TCGA-BH-A8FY-01A-11D-A36J-09	0.5458428336865019	0.132325535439152
TCGA-BH-A8FZ-01A-11D-A351-09	0.8104939045648059	0.18194761122883396
TCGA-BH-A8G0-01A-11D-A351-09	0.18194761122883396	0.132325535439152
TCGA-BH-AB28-01A-31D-A41F-09	0.41351729824734995	0.09924415157936399
TCGA-C8-A133-01A-32D-A12B-09	0.34735453052777393	0.09924415157936399
TCGA-C8-A9FZ-01A-11D-A41F-09	0.3638952224576679	0.049622075789681995
TCGA-D8-A13Y-01A-11D-A10Y-09	0.9759008238637459	0.34735453052777393
TCGA-D8-A13Z-01A-11D-A10Y-09	1.3067146624616257	0.23156968701851596
TCGA-D8-A140-01A-11D-A10Y-09	1.3894181221110957	0.4631393740370319
TCGA-D8-A141-01A-11D-A10Y-09	0.24811037894840995	0.049622075789681995
TCGA-D8-A142-01A-11D-A10Y-09	1.6209878091296117	0.612005601406078
TCGA-D8-A143-01A-11D-A10Y-09	0.7608718287751239	0.14886622736904598
TCGA-D8-A145-01A-11D-A10Y-09	0.529302141756608	0.08270345964946998
TCGA-D8-A146-01A-31D-A10Y-09	0.5127614498267139	0.09924415157936399
TCGA-D8-A147-01A-11D-A10Y-09	2.2164527186057956	0.5458428336865019
TCGA-D8-A1J8-01A-11D-A13L-09	9.759008238637458	3.1261907747499653
TCGA-D8-A1J9-01A-11D-A13L-09	2.448022405624312	0.9262787480740639
TCGA-D8-A1JB-01A-11D-A13L-09	0.5623835256163959	0.23156968701851596
TCGA-D8-A1JC-01A-11D-A13L-09	1.1743891270224738	0.34735453052777393
TCGA-D8-A1JD-01A-11D-A13L-09	1.3232553543915198	0.29773245473809196
TCGA-D8-A1JE-01A-11D-A13L-09	0.41351729824734995	0.049622075789681995
TCGA-D8-A1JF-01A-11D-A13L-09	0.5789242175462899	0.14886622736904598
TCGA-D8-A1JG-01B-11D-A13L-09	1.8525574961481277	0.44659868210713793
TCGA-D8-A1JH-01A-11D-A188-09	0.38043591438756197	0.08270345964946998
TCGA-D8-A1JI-01A-11D-A13L-09	0.33081383859787994	0.19848830315872798
TCGA-D8-A1JJ-01A-31D-A14K-09	0.8601159803544879	0.38043591438756197
TCGA-D8-A1JK-01A-11D-A13L-09	2.6134293249232514	0.8104939045648059
TCGA-D8-A1JL-01A-11D-A13L-09	1.4224995059708838	0.529302141756608
TCGA-D8-A1JM-01A-11D-A13L-09	0.4631393740370319	0.19848830315872798
TCGA-D8-A1JN-01A-11D-A13L-09	1.8360168042182337	0.8931973642142759
TCGA-D8-A1JP-01A-11D-A13L-09	1.5713657333399298	0.38043591438756197
TCGA-D8-A1JS-01A-11D-A13L-09	0.24811037894840995	0.11578484350925798
TCGA-D8-A1JT-01A-31D-A13L-09	0.38043591438756197	0.14886622736904598
TCGA-D8-A1JU-01A-11D-A13L-09	0.14886622736904598	0.09924415157936399
TCGA-D8-A1X5-01A-11D-A14G-09	0.6781683691256539	0.264651070878304
TCGA-D8-A1X6-01A-11D-A14K-09	0.4796800659669259	0.066162767719576
TCGA-D8-A1X7-01A-11D-A14K-09	0.3638952224576679	0.08270345964946998
TCGA-D8-A1X9-01A-12D-A159-09	1.3563367382513078	0.28119176280819796
TCGA-D8-A1XA-01A-11D-A14G-09	0.34735453052777393	0.066162767719576
TCGA-D8-A1XB-01A-11D-A14G-09	0.4962207578968199	0.11578484350925798
TCGA-D8-A1XC-01A-11D-A14G-09	0.41351729824734995	0.08270345964946998
TCGA-D8-A1XF-01A-11D-A14G-09	0.5458428336865019	0.16540691929893997
TCGA-D8-A1XG-01A-11D-A14G-09	0.34735453052777393	0.11578484350925798
TCGA-D8-A1XK-01A-21D-A14K-09	13.149850084265728	3.7878184519457254
TCGA-D8-A1XL-01A-11D-A14K-09	1.4059588140409898	0.19848830315872798
TCGA-D8-A1XM-01A-21D-A14K-09	0.6781683691256539	0.24811037894840995
TCGA-D8-A1XO-01A-11D-A14K-09	0.21502899508862197	0.09924415157936399
TCGA-D8-A1XQ-01A-11D-A14K-09	11.016100825309403	3.4570046133478454
TCGA-D8-A1XR-01A-11D-A14K-09	0.34735453052777393	0.033081383859788
TCGA-D8-A1XT-01A-11D-A14K-09	0.44659868210713793	0.11578484350925798
TCGA-D8-A1XU-01A-11D-A14K-09	0.28119176280819796	0.09924415157936399
TCGA-D8-A1XV-01A-11D-A14K-09	0.3638952224576679	0.132325535439152
TCGA-D8-A1XW-01A-11D-A14K-09	1.2570925866719438	0.39697660631745596
TCGA-D8-A1XY-01A-11D-A14K-09	0.5623835256163959	0.23156968701851596
TCGA-D8-A1XZ-01A-11D-A14K-09	1.0420635915833218	0.24811037894840995
TCGA-D8-A1Y0-01A-11D-A14K-09	0.8435752884245938	0.31427314666798595
TCGA-D8-A1Y1-01A-21D-A14K-09	2.6795920926428276	0.8931973642142759
TCGA-D8-A1Y2-01A-11D-A159-09	0.23156968701851596	0.066162767719576
TCGA-D8-A1Y3-01A-11D-A159-09	0.6781683691256539	0.19848830315872798
TCGA-D8-A27E-01A-11D-A16D-09	0.16540691929893997	0.016540691929894
TCGA-D8-A27F-01A-11D-A16D-09	0.8270345964946999	0.21502899508862197
TCGA-D8-A27G-01A-11D-A16D-09	11.082263593028978	3.4073825375581634
TCGA-D8-A27I-01A-11D-A16D-09	0.44659868210713793	0.132325535439152
TCGA-D8-A27K-01A-11D-A16D-09	0.34735453052777393	0.066162767719576
TCGA-D8-A27L-01A-11D-A16D-09	0.5623835256163959	0.16540691929893997
TCGA-D8-A27M-01A-11D-A16D-09	0.8766566722843818	0.24811037894840995
TCGA-D8-A27N-01A-11D-A16D-09	0.5789242175462899	0.14886622736904598
TCGA-D8-A27P-01A-11D-A16D-09	0.264651070878304	0.11578484350925798
TCGA-D8-A27R-01A-11D-A16D-09	0.41351729824734995	0.066162767719576
TCGA-D8-A27T-01A-11D-A16D-09	0.24811037894840995	0.11578484350925798
TCGA-D8-A27V-01A-12D-A17D-09	2.8119176280819795	0.7939532126349119
TCGA-D8-A27W-01A-11D-A16D-09	0.5458428336865019	0.066162767719576
TCGA-D8-A3Z6-01A-11D-A23C-09	0.41351729824734995	0.066162767719576
TCGA-D8-A4Z1-01A-21D-A25Q-09	0.7774125207050179	0.24811037894840995
TCGA-D8-A73U-01A-11D-A33E-09	1.7367726526388698	0.5789242175462899
TCGA-D8-A73W-01A-22D-A351-09	0.5458428336865019	0.09924415157936399
TCGA-D8-A73X-01A-11D-A32I-09	0.38043591438756197	0.21502899508862197
TCGA-E2-A10A-01A-21D-A10Y-09	0.31427314666798595	0.11578484350925798
TCGA-E2-A10C-01A-21D-A10M-09	4.6644751242301075	1.6706098849192939
TCGA-E2-A14N-01A-31D-A135-09	1.0916856673730038	0.24811037894840995
TCGA-E2-A14O-01A-31D-A10Y-09	0.3638952224576679	0.049622075789681995
TCGA-E2-A14P-01A-31D-A12B-09	0.9428194400039579	0.39697660631745596
TCGA-E2-A14Q-01A-11D-A12B-09	0.39697660631745596	0.066162767719576
TCGA-E2-A14R-01A-11D-A10Y-09	1.8360168042182337	0.29773245473809196
TCGA-E2-A14T-01A-11D-A10Y-09	0.44659868210713793	0.11578484350925798
TCGA-E2-A14V-01A-11D-A12B-09	1.4555808898306717	0.3638952224576679
TCGA-E2-A14Y-01A-21D-A12B-09	0.5127614498267139	0.132325535439152
TCGA-E2-A14Z-01A-11D-A10Y-09	0.7939532126349119	0.24811037894840995
TCGA-E2-A150-01A-11D-A12B-09	0.9262787480740639	0.28119176280819796
TCGA-E2-A152-01A-11D-A12B-09	1.7036912687790817	0.43005799017724394
TCGA-E2-A153-01A-12D-A12B-09	0.33081383859787994	0.049622075789681995
TCGA-E2-A154-01A-11D-A10Y-09	0.612005601406078	0.14886622736904598
TCGA-E2-A155-01A-11D-A12B-09	0.7277904449153358	0.264651070878304
TCGA-E2-A156-01A-11D-A12B-09	0.38043591438756197	0.049622075789681995
TCGA-E2-A158-01A-11D-A12B-09	1.1247670512327919	0.19848830315872798
TCGA-E2-A159-01A-11D-A10Y-09	1.7698540364986577	0.5623835256163959
TCGA-E2-A15C-01A-31D-A12B-09	0.44659868210713793	0.11578484350925798
TCGA-E2-A15D-01A-11D-A10Y-09	0.38043591438756197	0.08270345964946998
TCGA-E2-A15G-01A-11D-A12B-09	0.7443311368452299	0.34735453052777393
TCGA-E2-A15H-01A-11D-A12B-09	0.38043591438756197	0.132325535439152
TCGA-E2-A15I-01A-21D-A135-09	0.33081383859787994	0.132325535439152
TCGA-E2-A15J-01A-11D-A12Q-09	0.28119176280819796	0.08270345964946998
TCGA-E2-A15M-01A-11D-A12B-09	1.1578484350925797	0.41351729824734995
TCGA-E2-A15P-01A-11D-A10Y-09	0.38043591438756197	0.08270345964946998
TCGA-E2-A15R-01A-11D-A10Y-09	0.4796800659669259	0.132325535439152
TCGA-E2-A15S-01A-11D-A10Y-09	0.8270345964946999	0.16540691929893997
TCGA-E2-A15T-01A-11D-A10Y-09	0.31427314666798595	0.18194761122883396
TCGA-E2-A1AZ-01A-11D-A12Q-09	0.612005601406078	0.21502899508862197
TCGA-E2-A1B0-01A-11D-A12Q-09	0.612005601406078	0.19848830315872798
TCGA-E2-A1B1-01A-21D-A12Q-09	0.7112497529854419	0.16540691929893997
TCGA-E2-A1B4-01A-11D-A12Q-09	0.4631393740370319	0.049622075789681995
TCGA-E2-A1B5-01A-21D-A12Q-09	0.39697660631745596	0.16540691929893997
TCGA-E2-A1B6-01A-31D-A12Q-09	0.5623835256163959	0.09924415157936399
TCGA-E2-A1BD-01A-11D-A12Q-09	0.5127614498267139	0.066162767719576
TCGA-E2-A1IE-01A-11D-A188-09	0.33081383859787994	0.066162767719576
TCGA-E2-A1IF-01A-11D-A142-09	0.28119176280819796	0.066162767719576
TCGA-E2-A1IG-01A-11D-A142-09	0.5127614498267139	0.16540691929893997
TCGA-E2-A1IH-01A-11D-A188-09	1.0255228996534278	0.18194761122883396
TCGA-E2-A1II-01A-11D-A142-09	0.43005799017724394	0.09924415157936399
TCGA-E2-A1IJ-01A-11D-A142-09	0.23156968701851596	0.08270345964946998
TCGA-E2-A1IK-01A-11D-A17G-09	0.19848830315872798	0.08270345964946998
TCGA-E2-A1IL-01A-11D-A14G-09	0.34735453052777393	0.14886622736904598
TCGA-E2-A1IN-01A-11D-A13L-09	2.2991561782552656	0.8601159803544879
TCGA-E2-A1IO-01A-11D-A142-09	0.14886622736904598	0.033081383859788
TCGA-E2-A1IU-01A-11D-A14G-09	0.28119176280819796	0.16540691929893997
TCGA-E2-A1L6-01A-11D-A13L-09	0.23156968701851596	0.08270345964946998
TCGA-E2-A1L7-01A-11D-A142-09	0.9097380561441699	0.18194761122883396
TCGA-E2-A1L9-01A-11D-A13L-09	0.38043591438756197	0.08270345964946998
TCGA-E2-A1LH-01A-11D-A14G-09	2.7126734765026157	0.529302141756608
TCGA-E2-A1LI-01A-12D-A159-09	0.34735453052777393	0.066162767719576
TCGA-E9-A1N3-01A-12D-A159-09	0.41351729824734995	0.049622075789681995
TCGA-E9-A1N4-01A-11D-A14K-09	0.33081383859787994	0.16540691929893997
TCGA-E9-A1N5-01A-11D-A14G-09	0.529302141756608	0.14886622736904598
TCGA-E9-A1N8-01A-11D-A142-09	0.43005799017724394	0.09924415157936399
TCGA-E9-A1N9-01A-11D-A14G-09	0.6947090610555479	0.23156968701851596
TCGA-E9-A1NA-01A-11D-A142-09	1.3397960463214138	0.29773245473809196
TCGA-E9-A1NE-01A-21D-A14K-09	0.7443311368452299	0.11578484350925798
TCGA-E9-A1NF-01A-11D-A14G-09	0.6616276771957599	0.18194761122883396
TCGA-E9-A1NG-01A-21D-A14K-09	0.19848830315872798	0.08270345964946998
TCGA-E9-A1NH-01A-11D-A14G-09	0.34735453052777393	0.16540691929893997
TCGA-E9-A1QZ-01A-21D-A167-09	0.31427314666798595	0.049622075789681995
TCGA-E9-A1R0-01A-22D-A16D-09	0.3638952224576679	0.132325535439152
TCGA-E9-A1R2-01A-11D-A14G-09	0.8104939045648059	0.14886622736904598
TCGA-E9-A1R3-01A-31D-A14K-09	0.29773245473809196	0.066162767719576
TCGA-E9-A1R4-01A-21D-A14G-09	1.6871505768491877	0.38043591438756197
TCGA-E9-A1R5-01A-11D-A14K-09	0.5789242175462899	0.132325535439152
TCGA-E9-A1R6-01A-11D-A14G-09	0.44659868210713793	0.11578484350925798
TCGA-E9-A1R7-01A-11D-A14K-09	0.5789242175462899	0.16540691929893997
TCGA-E9-A1RA-01A-11D-A14G-09	0.23156968701851596	0.18194761122883396
TCGA-E9-A1RB-01A-11D-A17G-09	0.33081383859787994	0.132325535439152
TCGA-E9-A1RC-01A-11D-A159-09	0.5789242175462899	0.18194761122883396
TCGA-E9-A1RD-01A-11D-A159-09	0.28119176280819796	0.08270345964946998
TCGA-E9-A1RE-01A-11D-A159-09	0.6781683691256539	0.14886622736904598
TCGA-E9-A1RF-01A-11D-A159-09	1.9021795719378096	0.43005799017724394
TCGA-E9-A1RG-01A-11D-A14G-09	0.5623835256163959	0.11578484350925798
TCGA-E9-A1RH-01A-21D-A167-09	1.2570925866719438	0.34735453052777393
TCGA-E9-A1RI-01A-11D-A167-09	0.132325535439152	0.132325535439152
TCGA-E9-A226-01A-21D-A159-09	0.7774125207050179	0.264651070878304
TCGA-E9-A227-01A-11D-A159-09	0.21502899508862197	0.049622075789681995
TCGA-E9-A228-01A-31D-A159-09	0.5789242175462899	0.14886622736904598
TCGA-E9-A229-01A-31D-A17G-09	0.28119176280819796	0.132325535439152
TCGA-E9-A22A-01A-11D-A159-09	0.41351729824734995	0.09924415157936399
TCGA-E9-A22B-01A-11D-A159-09	0.8104939045648059	0.24811037894840995
TCGA-E9-A22D-01A-11D-A159-09	0.28119176280819796	0.11578484350925798
TCGA-E9-A22E-01A-11D-A159-09	1.6044471171997177	0.41351729824734995
TCGA-E9-A22G-01A-11D-A159-09	1.2736332786018378	0.44659868210713793
TCGA-E9-A22H-01A-11D-A159-09	0.41351729824734995	0.049622075789681995
TCGA-E9-A243-01A-21D-A167-09	1.058604283513216	0.28119176280819796
TCGA-E9-A244-01A-11D-A167-09	1.224011202812156	0.41351729824734995
TCGA-E9-A245-01A-22D-A16D-09	0.41351729824734995	0.066162767719576
TCGA-E9-A247-01A-11D-A167-09	0.6781683691256539	0.11578484350925798
TCGA-E9-A248-01A-11D-A167-09	0.38043591438756197	0.033081383859788
TCGA-E9-A249-01A-11D-A167-09	0.24811037894840995	0.132325535439152
TCGA-E9-A24A-01A-11D-A167-09	0.39697660631745596	0.016540691929894
TCGA-E9-A295-01A-11D-A16D-09	1.1082263593028978	0.264651070878304
TCGA-E9-A2JS-01A-11D-A17W-09	0.7774125207050179	0.29773245473809196
TCGA-E9-A2JT-01A-22D-A18P-09	0.31427314666798595	0.049622075789681995
TCGA-E9-A3HO-01A-11D-A20S-09	0.8766566722843818	0.11578484350925798
TCGA-E9-A3QA-01A-61D-A228-09	0.7774125207050179	0.18194761122883396
TCGA-E9-A3X8-01A-31D-A22X-09	0.41351729824734995	0.11578484350925798
TCGA-E9-A54Y-01A-11D-A25Q-09	0.4962207578968199	0.16540691929893997
TCGA-E9-A5FK-01A-11D-A27P-09	0.31427314666798595	0.11578484350925798
TCGA-E9-A5FL-01A-11D-A27P-09	1.2570925866719438	0.264651070878304
TCGA-E9-A5UO-01A-11D-A28B-09	0.31427314666798595	0.09924415157936399
TCGA-E9-A6HE-01A-11D-A31U-09	0.28119176280819796	0.049622075789681995
TCGA-EW-A1IW-01A-11D-A13L-09	1.1082263593028978	0.4631393740370319
TCGA-EW-A1IZ-01A-11D-A188-09	4.945666887038305	1.5713657333399298
TCGA-EW-A1J1-01A-11D-A188-09	0.28119176280819796	0.14886622736904598
TCGA-EW-A1J3-01A-11D-A13L-09	0.31427314666798595	0.066162767719576
TCGA-EW-A1J5-01A-11D-A13L-09	5.193777265986715	1.8690981880780217
TCGA-EW-A1J6-01A-11D-A188-09	0.4796800659669259	0.19848830315872798
TCGA-EW-A1OV-01A-11D-A142-09	1.5052029656203538	0.43005799017724394
TCGA-EW-A1OX-01A-11D-A142-09	0.38043591438756197	0.19848830315872798
TCGA-EW-A1P0-01A-11D-A142-09	0.264651070878304	0.08270345964946998
TCGA-EW-A1P1-01A-31D-A14G-09	0.44659868210713793	0.033081383859788
TCGA-EW-A1P3-01A-11D-A142-09	0.33081383859787994	0.066162767719576
TCGA-EW-A1P4-01A-21D-A142-09	1.0255228996534278	0.23156968701851596
TCGA-EW-A1P5-01A-11D-A142-09	0.23156968701851596	0.08270345964946998
TCGA-EW-A1P6-01A-11D-A142-09	0.34735453052777393	0.066162767719576
TCGA-EW-A1P7-01A-21D-A142-09	0.29773245473809196	0.049622075789681995
TCGA-EW-A1P8-01A-11D-A142-09	0.612005601406078	0.21502899508862197
TCGA-EW-A1PA-01A-11D-A142-09	0.5623835256163959	0.14886622736904598
TCGA-EW-A1PE-01A-11D-A142-09	0.41351729824734995	0.132325535439152
TCGA-EW-A1PG-01A-11D-A142-09	0.21502899508862197	0.066162767719576
TCGA-EW-A1PH-01A-11D-A14K-09	0.6285462933359719	0.16540691929893997
TCGA-EW-A2FV-01A-11D-A17D-09	0.6947090610555479	0.08270345964946998
TCGA-EW-A2FW-01A-11D-A17D-09	0.28119176280819796	0.049622075789681995
TCGA-EW-A423-01A-11D-A243-09	0.529302141756608	0.24811037894840995
TCGA-GI-A2C8-01A-11D-A16D-09	1.5382843494801417	0.4796800659669259
TCGA-GM-A2D9-01A-11D-A18P-09	5.987730478621627	2.0510457993068556
TCGA-GM-A2DA-01A-11D-A18P-09	0.44659868210713793	0.16540691929893997
TCGA-GM-A2DB-01A-31D-A19Y-09	1.7533133445687636	0.29773245473809196
TCGA-GM-A2DC-01A-11D-A18P-09	0.21502899508862197	0.132325535439152
TCGA-GM-A2DD-01A-11D-A17W-09	0.7443311368452299	0.23156968701851596
TCGA-GM-A2DH-01A-11D-A17W-09	2.7126734765026157	0.6450869852658659
TCGA-GM-A2DI-01A-31D-A18P-09	0.8601159803544879	0.21502899508862197
TCGA-GM-A2DK-01A-21D-A17W-09	0.31427314666798595	0.11578484350925798
TCGA-GM-A2DL-01A-11D-A18P-09	0.7443311368452299	0.08270345964946998
TCGA-GM-A2DM-01A-11D-A17W-09	0.33081383859787994	0.033081383859788
TCGA-GM-A2DN-01A-11D-A17W-09	0.34735453052777393	0.049622075789681995
TCGA-GM-A3NW-01A-21D-A228-09	0.7277904449153358	0.3638952224576679
TCGA-GM-A4E0-01A-12D-A25Q-09	0.29773245473809196	0.132325535439152
TCGA-GM-A5PV-01A-11D-A28B-09	0.34735453052777393	0.09924415157936399
TCGA-GM-A5PX-01A-12D-A28B-09	0.38043591438756197	0.11578484350925798
TCGA-LD-A66U-01A-11D-A31U-09	0.34735453052777393	0.066162767719576
TCGA-LD-A74U-01A-13D-A33E-09	2.8449990119417676	0.8931973642142759
TCGA-LD-A7W6-01A-81D-A351-09	0.39697660631745596	0.11578484350925798
TCGA-LL-A440-01A-11D-A243-09	0.066162767719576	0.049622075789681995
TCGA-LL-A50Y-01A-11D-A25Q-09	0.38043591438756197	0.23156968701851596
TCGA-LL-A5YL-01A-12D-A29N-09	0.7277904449153358	0.24811037894840995
TCGA-LL-A6FP-01A-11D-A31U-09	0.8270345964946999	0.21502899508862197
TCGA-LL-A9Q3-01A-11D-A41F-09	0.6285462933359719	0.24811037894840995
TCGA-OL-A5DA-01A-11D-A27P-09	0.9428194400039579	0.39697660631745596
TCGA-OL-A66J-01A-11D-A29N-09	0.7112497529854419	0.14886622736904598
TCGA-OL-A66K-01A-11D-A29N-09	0.3638952224576679	0.09924415157936399
TCGA-OL-A66N-01A-12D-A31U-09	0.4962207578968199	0.14886622736904598
TCGA-OL-A6VQ-01A-12D-A41F-09	0.8601159803544879	0.28119176280819796
TCGA-PE-A5DC-01A-12D-A27P-09	1.224011202812156	0.5127614498267139
TCGA-PE-A5DE-01A-11D-A27P-09	5.425346953005231	2.1006678750965375
TCGA-W8-A86G-01A-21D-A36J-09	0.21502899508862197	0.11578484350925798
TCGA-WT-AB44-01A-11D-A41F-09	0.43005799017724394	0.09924415157936399
TCGA-XX-A899-01A-11D-A36J-09	0.5127614498267139	0.18194761122883396
TCGA-XX-A89A-01A-11D-A36J-09	2.2164527186057956	0.6285462933359719
TCGA-Z7-A8R5-01A-42D-A41F-09	0.31427314666798595	0.09924415157936399
TCGA-Z7-A8R6-01A-11D-A41F-09	0.7774125207050179	0.34735453052777393
