	sample	All	nonsynonmous	TMB_All	TMB_nonsynonmous
0	TCGA-3C-AAAU-01A-11D-A41F-09	49.0	18.0	0.8104939045648059	0.29773245473809196
1	TCGA-4H-AAAK-01A-12D-A41F-09	32.0	18.0	0.529302141756608	0.29773245473809196
2	TCGA-5L-AAT0-01A-12D-A41F-09	250.0	119.0	4.1351729824735	1.9683423396573858
3	TCGA-5L-AAT1-01A-12D-A41F-09	1861.0	949.0	30.782227681532728	15.697116641469403
4	TCGA-A1-A0SD-01A-11D-A10Y-09	41.0	29.0	0.6781683691256539	0.4796800659669259
5	TCGA-A1-A0SE-01A-11D-A099-09	35.0	25.0	0.5789242175462899	0.41351729824734995
6	TCGA-A1-A0SF-01A-11D-A142-09	53.0	38.0	0.8766566722843818	0.6285462933359719
7	TCGA-A1-A0SG-01A-11D-A142-09	28.0	22.0	0.4631393740370319	0.3638952224576679
8	TCGA-A1-A0SH-01A-11D-A099-09	125.0	77.0	2.06758649123675	1.2736332786018378
9	TCGA-A1-A0SI-01A-11D-A142-09	245.0	153.0	4.05246952282403	2.5307258652737814
10	TCGA-A1-A0SN-01A-11D-A142-09	82.0	55.0	1.3563367382513078	0.9097380561441699
11	TCGA-A1-A0SO-01A-22D-A099-09	391.0	270.0	6.467410544588553	4.465986821071379
12	TCGA-A2-A04N-01A-11D-A10Y-09	49.0	32.0	0.8104939045648059	0.529302141756608
13	TCGA-A2-A04U-01A-11D-A10Y-09	67.0	49.0	1.1082263593028978	0.8104939045648059
14	TCGA-A2-A04W-01A-31D-A10Y-09	168.0	109.0	2.7788362442221914	1.8029354203584458
15	TCGA-A2-A0CK-01A-11D-A228-09	30.0	13.0	0.4962207578968199	0.21502899508862197
16	TCGA-A2-A0CS-01A-11D-A10Y-09	52.0	33.0	0.8601159803544879	0.5458428336865019
17	TCGA-A2-A0CW-01A-21D-A10Y-09	68.0	47.0	1.1247670512327919	0.7774125207050179
18	TCGA-A2-A0D3-01A-11D-A10Y-09	31.0	19.0	0.5127614498267139	0.31427314666798595
19	TCGA-A2-A0EN-01A-13D-A099-09	34.0	25.0	0.5623835256163959	0.41351729824734995
20	TCGA-A2-A0EP-01A-52D-A22X-09	23.0	13.0	0.38043591438756197	0.21502899508862197
21	TCGA-A2-A0ES-01A-11D-A10Y-09	15.0	10.0	0.24811037894840995	0.16540691929893997
22	TCGA-A2-A0EW-01A-21D-A10Y-09	20.0	15.0	0.33081383859787994	0.24811037894840995
23	TCGA-A2-A0ST-01A-12D-A099-09	23.0	13.0	0.38043591438756197	0.21502899508862197
24	TCGA-A2-A0SU-01A-11D-A099-09	39.0	26.0	0.6450869852658659	0.43005799017724394
25	TCGA-A2-A0SX-01A-12D-A099-09	43.0	22.0	0.7112497529854419	0.3638952224576679
26	TCGA-A2-A0SY-01A-31D-A099-09	163.0	102.0	2.6961327845727214	1.6871505768491877
27	TCGA-A2-A0T0-01A-22D-A099-09	216.0	145.0	3.5727894568571035	2.3984003298346295
28	TCGA-A2-A0T3-01A-21D-A10Y-09	41.0	28.0	0.6781683691256539	0.4631393740370319
29	TCGA-A2-A0T4-01A-31D-A099-09	32.0	23.0	0.529302141756608	0.38043591438756197
30	TCGA-A2-A0T5-01A-21D-A099-09	19.0	16.0	0.31427314666798595	0.264651070878304
31	TCGA-A2-A0T6-01A-11D-A099-09	24.0	14.0	0.39697660631745596	0.23156968701851596
32	TCGA-A2-A0T7-01A-21D-A099-09	22.0	17.0	0.3638952224576679	0.28119176280819796
33	TCGA-A2-A0YC-01A-11D-A117-09	27.0	18.0	0.44659868210713793	0.29773245473809196
34	TCGA-A2-A0YD-01A-11D-A10G-09	93.0	56.0	1.5382843494801417	0.9262787480740639
35	TCGA-A2-A0YE-01A-11D-A10G-09	43.0	22.0	0.7112497529854419	0.3638952224576679
36	TCGA-A2-A0YG-01A-21D-A10G-09	65.0	42.0	1.07514497544311	0.6947090610555479
37	TCGA-A2-A0YH-01A-11D-A10G-09	401.0	247.0	6.632817463887493	4.085550906683817
38	TCGA-A2-A0YI-01A-31D-A10M-09	315.0	210.0	5.210317957916609	3.4735453052777396
39	TCGA-A2-A0YJ-01A-11D-A10G-09	1701.0	1344.0	28.13571697274969	22.23068995377753
40	TCGA-A2-A0YK-01A-22D-A117-09	9429.0	6006.0	155.9621842069705	99.34339573094334
41	TCGA-A2-A0YL-01A-21D-A10G-09	987.0	525.0	16.325662934805376	8.683863263194349
42	TCGA-A2-A0YM-01A-11D-A10G-09	2037.0	1344.0	33.69338946119407	22.23068995377753
43	TCGA-A2-A0YT-01A-11D-A10G-09	1491.0	966.0	24.66217166747195	15.978308404277602
44	TCGA-A2-A1FV-01A-11D-A13L-09	1008.0	693.0	16.67301746533315	11.46269950741654
45	TCGA-A2-A1FW-01A-11D-A13L-09	1743.0	1092.0	28.83042603380524	18.062435587444245
46	TCGA-A2-A1FX-01A-11D-A13L-09	567.0	441.0	9.378572324249896	7.294445141083253
47	TCGA-A2-A1FZ-01A-51D-A17G-09	609.0	504.0	10.073281385305444	8.336508732666575
48	TCGA-A2-A1G0-01A-11D-A13L-09	546.0	357.0	9.031217793722123	5.905027018972157
49	TCGA-A2-A1G1-01A-21D-A13L-09	987.0	651.0	16.325662934805376	10.767990446360992
50	TCGA-A2-A1G6-01A-11D-A13L-09	210.0	147.0	3.4735453052777396	2.4314817136944176
51	TCGA-A2-A25A-01A-12D-A16D-09	482.0	350.0	7.972613510208907	5.789242175462899
52	TCGA-A2-A25C-01A-11D-A167-09	41.0	29.0	0.6781683691256539	0.4796800659669259
53	TCGA-A2-A25D-01A-12D-A16D-09	65.0	44.0	1.07514497544311	0.7277904449153358
54	TCGA-A2-A25F-01A-11D-A167-09	7.0	5.0	0.11578484350925798	0.08270345964946998
55	TCGA-A2-A3KD-01A-12D-A20S-09	22.0	10.0	0.3638952224576679	0.16540691929893997
56	TCGA-A2-A4S1-01A-21D-A25Q-09	98.0	66.0	1.6209878091296117	1.0916856673730038
57	TCGA-A2-A4S2-01A-12D-A25Q-09	42.0	24.0	0.6947090610555479	0.39697660631745596
58	TCGA-A7-A0DA-01A-31D-A10Y-09	181.0	133.0	2.9938652393108134	2.199912026675902
59	TCGA-A7-A0DB-01A-11D-A272-09	56.0	27.0	0.9262787480740639	0.44659868210713793
60	TCGA-A7-A13E-01A-11D-A272-09	51.0	34.0	0.8435752884245938	0.5623835256163959
61	TCGA-A7-A13F-01A-11D-A12Q-09	41.0	34.0	0.6781683691256539	0.5623835256163959
62	TCGA-A7-A13G-01A-11D-A13L-09	31.0	18.0	0.5127614498267139	0.29773245473809196
63	TCGA-A7-A26E-01A-11D-A272-09	68.0	36.0	1.1247670512327919	0.5954649094761839
64	TCGA-A7-A26F-01A-21D-A167-09	52.0	33.0	0.8601159803544879	0.5458428336865019
65	TCGA-A7-A26H-01A-11D-A167-09	145.0	98.0	2.3984003298346295	1.6209878091296117
66	TCGA-A7-A26I-01A-11D-A167-09	50.0	35.0	0.8270345964946999	0.5789242175462899
67	TCGA-A7-A26J-01A-11D-A272-09	43.0	19.0	0.7112497529854419	0.31427314666798595
68	TCGA-A7-A3RF-01A-11D-A228-09	44.0	22.0	0.7277904449153358	0.3638952224576679
69	TCGA-A7-A425-01A-11D-A243-09	41.0	26.0	0.6781683691256539	0.43005799017724394
70	TCGA-A7-A4SC-01A-12D-A25Q-09	38.0	22.0	0.6285462933359719	0.3638952224576679
71	TCGA-A7-A5ZX-01A-12D-A29N-09	42.0	27.0	0.6947090610555479	0.44659868210713793
72	TCGA-AC-A23C-01A-12D-A167-09	136.0	96.0	2.2495341024655837	1.5879064252698238
73	TCGA-AC-A23E-01A-11D-A159-09	25.0	16.0	0.41351729824734995	0.264651070878304
74	TCGA-AC-A23H-01A-11D-A159-09	5826.0	3708.0	96.36607118356243	61.33288567604694
75	TCGA-AC-A2B8-01A-11D-A17D-09	119.0	73.0	1.9683423396573858	1.2074705108822619
76	TCGA-AC-A2FB-01A-11D-A17D-09	13.0	7.0	0.21502899508862197	0.11578484350925798
77	TCGA-AC-A2FG-01A-11D-A17D-09	42.0	27.0	0.6947090610555479	0.44659868210713793
78	TCGA-AC-A2FK-01A-12D-A17W-09	1.0	0.0	0.016540691929894	0.0
79	TCGA-AC-A2FO-01A-11D-A17W-09	31.0	25.0	0.5127614498267139	0.41351729824734995
80	TCGA-AC-A2QH-01A-11D-A18P-09	43.0	28.0	0.7112497529854419	0.4631393740370319
81	TCGA-AC-A3HN-01A-11D-A20S-09	33.0	20.0	0.5458428336865019	0.33081383859787994
82	TCGA-AC-A3OD-01A-11D-A21Q-09	33.0	22.0	0.5458428336865019	0.3638952224576679
83	TCGA-AC-A3QP-01A-11D-A22X-09	37.0	22.0	0.612005601406078	0.3638952224576679
84	TCGA-AC-A3QQ-01A-11D-A228-09	41.0	27.0	0.6781683691256539	0.44659868210713793
85	TCGA-AC-A3YI-01A-21D-A23C-09	19.0	13.0	0.31427314666798595	0.21502899508862197
86	TCGA-AC-A3YJ-01A-11D-A22X-09	36.0	12.0	0.5954649094761839	0.19848830315872798
87	TCGA-AC-A4ZE-01A-11D-A41F-09	73.0	40.0	1.2074705108822619	0.6616276771957599
88	TCGA-AC-A5EI-01A-11D-A27P-09	45.0	25.0	0.7443311368452299	0.41351729824734995
89	TCGA-AC-A5XS-01A-11D-A29N-09	714.0	363.0	11.810054037944314	6.0042711705515215
90	TCGA-AC-A62Y-01A-11D-A29N-09	95.0	54.0	1.5713657333399298	0.8931973642142759
91	TCGA-AC-A6IV-01A-12D-A33E-09	22.0	10.0	0.3638952224576679	0.16540691929893997
92	TCGA-AC-A7VC-01A-11D-A351-09	31.0	13.0	0.5127614498267139	0.21502899508862197
93	TCGA-AC-A8OR-01A-21D-A41F-09	45.0	24.0	0.7443311368452299	0.39697660631745596
94	TCGA-AC-A8OS-01A-12D-A41F-09	72.0	33.0	1.1909298189523678	0.5458428336865019
95	TCGA-AN-A0XN-01A-21D-A10G-09	184.0	137.0	3.0434873151004957	2.2660747943954775
96	TCGA-AN-A0XO-01A-11D-A10G-09	38.0	26.0	0.6285462933359719	0.43005799017724394
97	TCGA-AN-A0XP-01A-11D-A117-09	34.0	19.0	0.5623835256163959	0.31427314666798595
98	TCGA-AN-A0XR-01A-11D-A10G-09	37.0	27.0	0.612005601406078	0.44659868210713793
99	TCGA-AN-A0XS-01A-22D-A10G-09	35.0	27.0	0.5789242175462899	0.44659868210713793
100	TCGA-AN-A0XT-01A-11D-A10G-09	19.0	7.0	0.31427314666798595	0.11578484350925798
101	TCGA-AN-A0XU-01A-11D-A10G-09	148.0	103.0	2.448022405624312	1.7036912687790817
102	TCGA-AN-A0XV-01A-11D-A10G-09	38.0	24.0	0.6285462933359719	0.39697660631745596
103	TCGA-AN-A0XW-01A-11D-A10G-09	398.0	253.0	6.583195388097811	4.184795058263181
104	TCGA-AO-A03V-01A-11D-A10Y-09	64.0	45.0	1.058604283513216	0.7443311368452299
105	TCGA-AO-A0JG-01A-31D-A099-09	17.0	12.0	0.28119176280819796	0.19848830315872798
106	TCGA-AO-A124-01A-11D-A10M-09	177.0	126.0	2.9277024715912376	2.0841271831666437
107	TCGA-AO-A128-01A-11D-A10M-09	1422.0	965.0	23.520863924309264	15.961767712347708
108	TCGA-AO-A12A-01A-21D-A10Y-09	17.0	11.0	0.28119176280819796	0.18194761122883396
109	TCGA-AO-A12D-01A-11D-A10Y-09	68.0	47.0	1.1247670512327919	0.7774125207050179
110	TCGA-AO-A12F-01A-11D-A10Y-09	41.0	33.0	0.6781683691256539	0.5458428336865019
111	TCGA-AO-A1KO-01A-31D-A188-09	8.0	4.0	0.132325535439152	0.066162767719576
112	TCGA-AO-A1KR-01A-12D-A142-09	86.0	58.0	1.4224995059708838	0.9593601319338518
113	TCGA-AO-A1KT-01A-11D-A13L-09	55.0	33.0	0.9097380561441699	0.5458428336865019
114	TCGA-AQ-A04H-01B-11D-A10M-09	94.0	63.0	1.5548250414100357	1.0420635915833218
115	TCGA-AQ-A0Y5-01A-11D-A14K-09	68.0	48.0	1.1247670512327919	0.7939532126349119
116	TCGA-AQ-A1H2-01A-11D-A13L-09	35.0	22.0	0.5789242175462899	0.3638952224576679
117	TCGA-AQ-A1H3-01A-31D-A13L-09	26.0	17.0	0.43005799017724394	0.28119176280819796
118	TCGA-AQ-A7U7-01A-22D-A351-09	101.0	52.0	1.6706098849192939	0.8601159803544879
119	TCGA-AR-A0TP-01A-11D-A099-09	90.0	55.0	1.4886622736904598	0.9097380561441699
120	TCGA-AR-A0TQ-01A-11D-A099-09	42.0	26.0	0.6947090610555479	0.43005799017724394
121	TCGA-AR-A0TR-01A-11D-A099-09	39.0	26.0	0.6450869852658659	0.43005799017724394
122	TCGA-AR-A0TS-01A-11D-A10Y-09	100.0	67.0	1.6540691929893998	1.1082263593028978
123	TCGA-AR-A0TW-01A-11D-A099-09	62.0	44.0	1.0255228996534278	0.7277904449153358
124	TCGA-AR-A0TZ-01A-12D-A099-09	54.0	42.0	0.8931973642142759	0.6947090610555479
125	TCGA-AR-A0U0-01A-11D-A10G-09	1108.0	721.0	18.32708665832255	11.925838881453572
126	TCGA-AR-A0U1-01A-11D-A10Y-09	100.0	69.0	1.6540691929893998	1.141307743162686
127	TCGA-AR-A0U2-01A-11D-A10G-09	272.0	156.0	4.499068204931167	2.5803479410634638
128	TCGA-AR-A0U3-01A-11D-A10G-09	47.0	32.0	0.7774125207050179	0.529302141756608
129	TCGA-AR-A1AH-01A-11D-A12B-09	113.0	70.0	1.8690981880780217	1.1578484350925797
130	TCGA-AR-A1AI-01A-11D-A12Q-09	86.0	69.0	1.4224995059708838	1.141307743162686
131	TCGA-AR-A1AJ-01A-21D-A12Q-09	48.0	38.0	0.7939532126349119	0.6285462933359719
132	TCGA-AR-A1AK-01A-21D-A12Q-09	68.0	47.0	1.1247670512327919	0.7774125207050179
133	TCGA-AR-A1AL-01A-21D-A12Q-09	33.0	22.0	0.5458428336865019	0.3638952224576679
134	TCGA-AR-A1AN-01A-11D-A12Q-09	27.0	17.0	0.44659868210713793	0.28119176280819796
135	TCGA-AR-A1AO-01A-11D-A12Q-09	115.0	85.0	1.9021795719378096	1.4059588140409898
136	TCGA-AR-A1AP-01A-11D-A12Q-09	34.0	26.0	0.5623835256163959	0.43005799017724394
137	TCGA-AR-A1AQ-01A-11D-A12Q-09	49.0	37.0	0.8104939045648059	0.612005601406078
138	TCGA-AR-A1AR-01A-31D-A135-09	63.0	41.0	1.0420635915833218	0.6781683691256539
139	TCGA-AR-A1AT-01A-11D-A12Q-09	32.0	22.0	0.529302141756608	0.3638952224576679
140	TCGA-AR-A1AU-01A-11D-A12Q-09	25.0	17.0	0.41351729824734995	0.28119176280819796
141	TCGA-AR-A1AW-01A-21D-A12Q-09	42.0	28.0	0.6947090610555479	0.4631393740370319
142	TCGA-AR-A1AX-01A-11D-A12Q-09	28.0	24.0	0.4631393740370319	0.39697660631745596
143	TCGA-AR-A1AY-01A-21D-A12Q-09	64.0	46.0	1.058604283513216	0.7608718287751239
144	TCGA-AR-A24H-01A-11D-A167-09	175.0	127.0	2.8946210877314495	2.1006678750965375
145	TCGA-AR-A24K-01A-11D-A167-09	34.0	23.0	0.5623835256163959	0.38043591438756197
146	TCGA-AR-A24L-01A-11D-A167-09	50.0	32.0	0.8270345964946999	0.529302141756608
147	TCGA-AR-A24M-01A-11D-A167-09	28.0	14.0	0.4631393740370319	0.23156968701851596
148	TCGA-AR-A24N-01A-11D-A167-09	43.0	30.0	0.7112497529854419	0.4962207578968199
149	TCGA-AR-A24O-01A-11D-A167-09	19.0	13.0	0.31427314666798595	0.21502899508862197
150	TCGA-AR-A24P-01A-11D-A167-09	27.0	23.0	0.44659868210713793	0.38043591438756197
151	TCGA-AR-A24Q-01A-12D-A167-09	216.0	138.0	3.5727894568571035	2.282615486325372
152	TCGA-AR-A24R-01A-11D-A167-09	30.0	19.0	0.4962207578968199	0.31427314666798595
153	TCGA-AR-A24S-01A-11D-A167-09	54.0	37.0	0.8931973642142759	0.612005601406078
154	TCGA-AR-A24T-01A-11D-A167-09	29.0	21.0	0.4796800659669259	0.34735453052777393
155	TCGA-AR-A24U-01A-11D-A167-09	46.0	33.0	0.7608718287751239	0.5458428336865019
156	TCGA-AR-A24V-01A-21D-A167-09	28.0	20.0	0.4631393740370319	0.33081383859787994
157	TCGA-AR-A24W-01A-11D-A17G-09	15.0	10.0	0.24811037894840995	0.16540691929893997
158	TCGA-AR-A24X-01A-11D-A167-09	43.0	29.0	0.7112497529854419	0.4796800659669259
159	TCGA-AR-A24Z-01A-11D-A167-09	53.0	39.0	0.8766566722843818	0.6450869852658659
160	TCGA-AR-A250-01A-31D-A167-09	142.0	95.0	2.3487782540449476	1.5713657333399298
161	TCGA-AR-A251-01A-12D-A167-09	206.0	147.0	3.4073825375581634	2.4314817136944176
162	TCGA-AR-A252-01A-11D-A167-09	13.0	10.0	0.21502899508862197	0.16540691929893997
163	TCGA-AR-A254-01A-21D-A167-09	42.0	30.0	0.6947090610555479	0.4962207578968199
164	TCGA-AR-A255-01A-11D-A167-09	87.0	55.0	1.4390401979007779	0.9097380561441699
165	TCGA-AR-A256-01A-11D-A167-09	255.0	180.0	4.21787644212297	2.9773245473809196
166	TCGA-AR-A2LE-01A-11D-A17W-09	363.0	226.0	6.0042711705515215	3.7381963761560435
167	TCGA-AR-A2LH-01A-31D-A18P-09	63.0	52.0	1.0420635915833218	0.8601159803544879
168	TCGA-AR-A2LK-01A-11D-A17W-09	46.0	28.0	0.7608718287751239	0.4631393740370319
169	TCGA-AR-A2LL-01A-11D-A17W-09	38.0	29.0	0.6285462933359719	0.4796800659669259
170	TCGA-AR-A2LM-01A-11D-A17W-09	18.0	11.0	0.29773245473809196	0.18194761122883396
171	TCGA-AR-A2LN-01A-21D-A18P-09	51.0	32.0	0.8435752884245938	0.529302141756608
172	TCGA-AR-A2LO-01A-31D-A18P-09	18.0	13.0	0.29773245473809196	0.21502899508862197
173	TCGA-AR-A2LQ-01A-22D-A18P-09	16.0	12.0	0.264651070878304	0.19848830315872798
174	TCGA-AR-A2LR-01A-12D-A18P-09	83.0	53.0	1.372877430181202	0.8766566722843818
175	TCGA-AR-A5QM-01A-11D-A27P-09	34.0	21.0	0.5623835256163959	0.34735453052777393
176	TCGA-AR-A5QN-01A-12D-A28B-09	53.0	28.0	0.8766566722843818	0.4631393740370319
177	TCGA-AR-A5QP-01A-11D-A28B-09	28.0	22.0	0.4631393740370319	0.3638952224576679
178	TCGA-AR-A5QQ-01A-11D-A28B-09	111.0	67.0	1.8360168042182337	1.1082263593028978
179	TCGA-B6-A0IH-01A-11D-A10Y-09	42.0	32.0	0.6947090610555479	0.529302141756608
180	TCGA-B6-A0RN-01A-12D-A099-09	35.0	22.0	0.5789242175462899	0.3638952224576679
181	TCGA-B6-A0RO-01A-22D-A099-09	41.0	30.0	0.6781683691256539	0.4962207578968199
182	TCGA-B6-A0RP-01A-21D-A099-09	25.0	18.0	0.41351729824734995	0.29773245473809196
183	TCGA-B6-A0RQ-01A-11D-A10Y-09	52.0	34.0	0.8601159803544879	0.5623835256163959
184	TCGA-B6-A0RT-01A-21D-A099-09	62.0	47.0	1.0255228996534278	0.7774125207050179
185	TCGA-B6-A0RU-01A-11D-A099-09	64.0	43.0	1.058604283513216	0.7112497529854419
186	TCGA-B6-A0RV-01A-11D-A099-09	57.0	32.0	0.9428194400039579	0.529302141756608
187	TCGA-B6-A0WT-01A-11D-A10G-09	19.0	11.0	0.31427314666798595	0.18194761122883396
188	TCGA-B6-A0WV-01A-11D-A10G-09	42.0	26.0	0.6947090610555479	0.43005799017724394
189	TCGA-B6-A0WY-01A-11D-A10G-09	38.0	29.0	0.6285462933359719	0.4796800659669259
190	TCGA-B6-A0X0-01A-21D-A10Y-09	23.0	14.0	0.38043591438756197	0.23156968701851596
191	TCGA-B6-A0X1-01A-11D-A10G-09	99.0	66.0	1.6375285010595058	1.0916856673730038
192	TCGA-B6-A0X4-01A-11D-A10G-09	29.0	17.0	0.4796800659669259	0.28119176280819796
193	TCGA-B6-A1KN-01A-11D-A13L-09	75.0	53.0	1.2405518947420497	0.8766566722843818
194	TCGA-B6-A2IU-01A-32D-A19T-09	45.0	30.0	0.7443311368452299	0.4962207578968199
195	TCGA-B6-A40B-01A-11D-A23C-09	65.0	37.0	1.07514497544311	0.612005601406078
196	TCGA-B6-A40C-01A-11D-A23C-09	51.0	30.0	0.8435752884245938	0.4962207578968199
197	TCGA-BH-A0AU-01A-11D-A12Q-09	25.0	15.0	0.41351729824734995	0.24811037894840995
198	TCGA-BH-A0AZ-01A-21D-A12Q-09	77.0	51.0	1.2736332786018378	0.8435752884245938
199	TCGA-BH-A0B6-01A-11D-A19Y-09	1286.0	637.0	21.27132982184368	10.536420759342477
200	TCGA-BH-A0B7-01A-12D-A10Y-09	41.0	30.0	0.6781683691256539	0.4962207578968199
201	TCGA-BH-A0BC-01A-22D-A099-09	38.0	24.0	0.6285462933359719	0.39697660631745596
202	TCGA-BH-A0BF-01A-21D-A12Q-09	35.0	18.0	0.5789242175462899	0.29773245473809196
203	TCGA-BH-A0BG-01A-11D-A10Y-09	44.0	32.0	0.7277904449153358	0.529302141756608
204	TCGA-BH-A0BL-01A-11D-A10Y-09	69.0	49.0	1.141307743162686	0.8104939045648059
205	TCGA-BH-A0BO-01A-23D-A12B-09	27.0	21.0	0.44659868210713793	0.34735453052777393
206	TCGA-BH-A0BP-01A-11D-A10Y-09	177.0	115.0	2.9277024715912376	1.9021795719378096
207	TCGA-BH-A0BQ-01A-21D-A10Y-09	26.0	18.0	0.43005799017724394	0.29773245473809196
208	TCGA-BH-A0BS-01A-11D-A12Q-09	24.0	9.0	0.39697660631745596	0.14886622736904598
209	TCGA-BH-A0BT-01A-11D-A12Q-09	42.0	32.0	0.6947090610555479	0.529302141756608
210	TCGA-BH-A0BZ-01A-31D-A12Q-09	304.0	219.0	5.028370346687775	3.6224115326467854
211	TCGA-BH-A0C1-01B-11D-A12B-09	46.0	30.0	0.7608718287751239	0.4962207578968199
212	TCGA-BH-A0C3-01A-21D-A12Q-09	17.0	10.0	0.28119176280819796	0.16540691929893997
213	TCGA-BH-A0C7-01B-11D-A10Y-09	62.0	40.0	1.0255228996534278	0.6616276771957599
214	TCGA-BH-A0DE-01A-11D-A10Y-09	33.0	25.0	0.5458428336865019	0.41351729824734995
215	TCGA-BH-A0DH-01A-11D-A099-09	49.0	35.0	0.8104939045648059	0.5789242175462899
216	TCGA-BH-A0DI-01A-21D-A12Q-09	47.0	30.0	0.7774125207050179	0.4962207578968199
217	TCGA-BH-A0DL-01A-11D-A10Y-09	57.0	40.0	0.9428194400039579	0.6616276771957599
218	TCGA-BH-A0DO-01B-11D-A12B-09	32.0	20.0	0.529302141756608	0.33081383859787994
219	TCGA-BH-A0DQ-01A-11D-A099-09	36.0	31.0	0.5954649094761839	0.5127614498267139
220	TCGA-BH-A0DT-01A-21D-A12B-09	16.0	14.0	0.264651070878304	0.23156968701851596
221	TCGA-BH-A0DV-01A-21D-A12Q-09	16.0	12.0	0.264651070878304	0.19848830315872798
222	TCGA-BH-A0DX-01A-11D-A10Y-09	69.0	49.0	1.141307743162686	0.8104939045648059
223	TCGA-BH-A0E9-01B-11D-A10Y-09	34.0	26.0	0.5623835256163959	0.43005799017724394
224	TCGA-BH-A0EA-01A-11D-A10Y-09	25.0	20.0	0.41351729824734995	0.33081383859787994
225	TCGA-BH-A0EI-01A-11D-A10Y-09	26.0	17.0	0.43005799017724394	0.28119176280819796
226	TCGA-BH-A0H3-01A-11D-A12Q-09	17.0	12.0	0.28119176280819796	0.19848830315872798
227	TCGA-BH-A0H5-01A-21D-A10Y-09	152.0	100.0	2.5141851733438876	1.6540691929893998
228	TCGA-BH-A0HA-01A-11D-A12Q-09	409.0	272.0	6.7651429993266445	4.499068204931167
229	TCGA-BH-A0HI-01A-11D-A099-09	34.0	27.0	0.5623835256163959	0.44659868210713793
230	TCGA-BH-A0HN-01A-11D-A099-09	44.0	26.0	0.7277904449153358	0.43005799017724394
231	TCGA-BH-A0HP-01A-12D-A099-09	315.0	202.0	5.210317957916609	3.3412197698385877
232	TCGA-BH-A0RX-01A-21D-A099-09	47.0	35.0	0.7774125207050179	0.5789242175462899
233	TCGA-BH-A0W3-01A-11D-A10G-09	21.0	10.0	0.34735453052777393	0.16540691929893997
234	TCGA-BH-A0W4-01A-11D-A10G-09	36.0	26.0	0.5954649094761839	0.43005799017724394
235	TCGA-BH-A0W5-01A-11D-A10G-09	29.0	23.0	0.4796800659669259	0.38043591438756197
236	TCGA-BH-A0W7-01A-11D-A10Y-09	249.0	145.0	4.118632290543605	2.3984003298346295
237	TCGA-BH-A0WA-01A-11D-A10G-09	119.0	85.0	1.9683423396573858	1.4059588140409898
238	TCGA-BH-A18F-01A-11D-A12B-09	55.0	38.0	0.9097380561441699	0.6285462933359719
239	TCGA-BH-A18G-01A-11D-A12B-09	1679.0	1054.0	27.771821750292023	17.433889294108273
240	TCGA-BH-A18H-01A-11D-A12B-09	53.0	40.0	0.8766566722843818	0.6616276771957599
241	TCGA-BH-A18I-01A-11D-A12B-09	30.0	22.0	0.4962207578968199	0.3638952224576679
242	TCGA-BH-A18J-01A-11D-A12B-09	102.0	65.0	1.6871505768491877	1.07514497544311
243	TCGA-BH-A18K-01A-11D-A12B-09	66.0	45.0	1.0916856673730038	0.7443311368452299
244	TCGA-BH-A18L-01A-32D-A12B-09	59.0	33.0	0.9759008238637459	0.5458428336865019
245	TCGA-BH-A18M-01A-11D-A12B-09	14.0	10.0	0.23156968701851596	0.16540691929893997
246	TCGA-BH-A18N-01A-11D-A12B-09	41.0	28.0	0.6781683691256539	0.4631393740370319
247	TCGA-BH-A18P-01A-11D-A12B-09	373.0	228.0	6.169678089850461	3.7712777600158316
248	TCGA-BH-A18Q-01A-12D-A12B-09	107.0	62.0	1.7698540364986577	1.0255228996534278
249	TCGA-BH-A18R-01A-11D-A12B-09	38.0	25.0	0.6285462933359719	0.41351729824734995
250	TCGA-BH-A18S-01A-11D-A12B-09	35.0	20.0	0.5789242175462899	0.33081383859787994
251	TCGA-BH-A18T-01A-11D-A12B-09	95.0	59.0	1.5713657333399298	0.9759008238637459
252	TCGA-BH-A18U-01A-21D-A12B-09	149.0	94.0	2.4645630975542057	1.5548250414100357
253	TCGA-BH-A1EO-01A-11D-A135-09	39.0	31.0	0.6450869852658659	0.5127614498267139
254	TCGA-BH-A1ET-01A-11D-A135-09	31.0	21.0	0.5127614498267139	0.34735453052777393
255	TCGA-BH-A1EU-01A-11D-A135-09	20.0	15.0	0.33081383859787994	0.24811037894840995
256	TCGA-BH-A1EV-01A-11D-A135-09	112.0	70.0	1.8525574961481277	1.1578484350925797
257	TCGA-BH-A1EW-01A-11D-A135-09	15.0	9.0	0.24811037894840995	0.14886622736904598
258	TCGA-BH-A1EX-01A-11D-A13L-09	23.0	14.0	0.38043591438756197	0.23156968701851596
259	TCGA-BH-A1EY-01A-11D-A13L-09	49.0	32.0	0.8104939045648059	0.529302141756608
260	TCGA-BH-A1F0-01A-11D-A135-09	89.0	51.0	1.4721215817605657	0.8435752884245938
261	TCGA-BH-A1F2-01A-31D-A13L-09	61.0	40.0	1.0089822077235338	0.6616276771957599
262	TCGA-BH-A1F5-01A-12D-A13L-09	47.0	33.0	0.7774125207050179	0.5458428336865019
263	TCGA-BH-A1F6-01A-11D-A13L-09	55.0	32.0	0.9097380561441699	0.529302141756608
264	TCGA-BH-A1F8-01A-11D-A13L-09	179.0	119.0	2.9607838554510257	1.9683423396573858
265	TCGA-BH-A1FG-01A-11D-A13L-09	27.0	17.0	0.44659868210713793	0.28119176280819796
266	TCGA-BH-A1FH-01A-12D-A13L-09	32.0	18.0	0.529302141756608	0.29773245473809196
267	TCGA-BH-A1FJ-01A-11D-A13L-09	36.0	18.0	0.5954649094761839	0.29773245473809196
268	TCGA-BH-A1FL-01A-11D-A13L-09	27.0	18.0	0.44659868210713793	0.29773245473809196
269	TCGA-BH-A1FM-01A-11D-A13L-09	57.0	41.0	0.9428194400039579	0.6781683691256539
270	TCGA-BH-A1FN-01A-11D-A13L-09	143.0	83.0	2.365318945974842	1.372877430181202
271	TCGA-BH-A1FR-01A-11D-A13L-09	16.0	13.0	0.264651070878304	0.21502899508862197
272	TCGA-BH-A1FU-01A-11D-A14G-09	120.0	84.0	1.9848830315872796	1.3894181221110957
273	TCGA-BH-A201-01A-11D-A14K-09	20.0	15.0	0.33081383859787994	0.24811037894840995
274	TCGA-BH-A202-01A-11D-A14K-09	31.0	22.0	0.5127614498267139	0.3638952224576679
275	TCGA-BH-A203-01A-12D-A167-09	87.0	55.0	1.4390401979007779	0.9097380561441699
276	TCGA-BH-A204-01A-11D-A159-09	53.0	33.0	0.8766566722843818	0.5458428336865019
277	TCGA-BH-A208-01A-11D-A159-09	87.0	56.0	1.4390401979007779	0.9262787480740639
278	TCGA-BH-A28Q-01A-11D-A16D-09	27.0	17.0	0.44659868210713793	0.28119176280819796
279	TCGA-BH-A2L8-01A-11D-A18P-09	563.0	372.0	9.312409556530321	6.153137397920567
280	TCGA-BH-A6R9-01A-21D-A32I-09	24.0	9.0	0.39697660631745596	0.14886622736904598
281	TCGA-BH-A8FY-01A-11D-A36J-09	56.0	33.0	0.9262787480740639	0.5458428336865019
282	TCGA-BH-A8FZ-01A-11D-A351-09	95.0	50.0	1.5713657333399298	0.8270345964946999
283	TCGA-BH-A8G0-01A-11D-A351-09	24.0	11.0	0.39697660631745596	0.18194761122883396
284	TCGA-BH-AB28-01A-31D-A41F-09	46.0	25.0	0.7608718287751239	0.41351729824734995
285	TCGA-C8-A133-01A-32D-A12B-09	35.0	22.0	0.5789242175462899	0.3638952224576679
286	TCGA-C8-A9FZ-01A-11D-A41F-09	32.0	22.0	0.529302141756608	0.3638952224576679
287	TCGA-D8-A13Y-01A-11D-A10Y-09	86.0	60.0	1.4224995059708838	0.9924415157936398
288	TCGA-D8-A13Z-01A-11D-A10Y-09	110.0	80.0	1.8194761122883398	1.3232553543915198
289	TCGA-D8-A140-01A-11D-A10Y-09	133.0	84.0	2.199912026675902	1.3894181221110957
290	TCGA-D8-A141-01A-11D-A10Y-09	19.0	15.0	0.31427314666798595	0.24811037894840995
291	TCGA-D8-A142-01A-11D-A10Y-09	152.0	101.0	2.5141851733438876	1.6706098849192939
292	TCGA-D8-A143-01A-11D-A10Y-09	64.0	46.0	1.058604283513216	0.7608718287751239
293	TCGA-D8-A145-01A-11D-A10Y-09	46.0	32.0	0.7608718287751239	0.529302141756608
294	TCGA-D8-A146-01A-31D-A10Y-09	40.0	31.0	0.6616276771957599	0.5127614498267139
295	TCGA-D8-A147-01A-11D-A10Y-09	203.0	135.0	3.3577604617684815	2.2329934105356894
296	TCGA-D8-A1J8-01A-11D-A13L-09	932.0	616.0	15.415924878661206	10.189066228814703
297	TCGA-D8-A1J9-01A-11D-A13L-09	246.0	150.0	4.0690102147539235	2.4811037894840995
298	TCGA-D8-A1JB-01A-11D-A13L-09	60.0	34.0	0.9924415157936398	0.5623835256163959
299	TCGA-D8-A1JC-01A-11D-A13L-09	117.0	72.0	1.9352609557975977	1.1909298189523678
300	TCGA-D8-A1JD-01A-11D-A13L-09	121.0	83.0	2.0014237235171737	1.372877430181202
301	TCGA-D8-A1JE-01A-11D-A13L-09	34.0	26.0	0.5623835256163959	0.43005799017724394
302	TCGA-D8-A1JF-01A-11D-A13L-09	48.0	36.0	0.7939532126349119	0.5954649094761839
303	TCGA-D8-A1JG-01B-11D-A13L-09	161.0	112.0	2.663051400712934	1.8525574961481277
304	TCGA-D8-A1JH-01A-11D-A188-09	33.0	23.0	0.5458428336865019	0.38043591438756197
305	TCGA-D8-A1JI-01A-11D-A13L-09	41.0	21.0	0.6781683691256539	0.34735453052777393
306	TCGA-D8-A1JJ-01A-31D-A14K-09	83.0	52.0	1.372877430181202	0.8601159803544879
307	TCGA-D8-A1JK-01A-11D-A13L-09	245.0	161.0	4.05246952282403	2.663051400712934
308	TCGA-D8-A1JL-01A-11D-A13L-09	139.0	87.0	2.2991561782552656	1.4390401979007779
309	TCGA-D8-A1JM-01A-11D-A13L-09	46.0	28.0	0.7608718287751239	0.4631393740370319
310	TCGA-D8-A1JN-01A-11D-A13L-09	200.0	112.0	3.3081383859787996	1.8525574961481277
311	TCGA-D8-A1JP-01A-11D-A13L-09	138.0	96.0	2.282615486325372	1.5879064252698238
312	TCGA-D8-A1JS-01A-11D-A13L-09	26.0	16.0	0.43005799017724394	0.264651070878304
313	TCGA-D8-A1JT-01A-31D-A13L-09	41.0	23.0	0.6781683691256539	0.38043591438756197
314	TCGA-D8-A1JU-01A-11D-A13L-09	17.0	9.0	0.28119176280819796	0.14886622736904598
315	TCGA-D8-A1X5-01A-11D-A14G-09	63.0	41.0	1.0420635915833218	0.6781683691256539
316	TCGA-D8-A1X6-01A-11D-A14K-09	41.0	30.0	0.6781683691256539	0.4962207578968199
317	TCGA-D8-A1X7-01A-11D-A14K-09	30.0	22.0	0.4962207578968199	0.3638952224576679
318	TCGA-D8-A1X9-01A-12D-A159-09	109.0	83.0	1.8029354203584458	1.372877430181202
319	TCGA-D8-A1XA-01A-11D-A14G-09	29.0	21.0	0.4796800659669259	0.34735453052777393
320	TCGA-D8-A1XB-01A-11D-A14G-09	42.0	31.0	0.6947090610555479	0.5127614498267139
321	TCGA-D8-A1XC-01A-11D-A14G-09	33.0	25.0	0.5458428336865019	0.41351729824734995
322	TCGA-D8-A1XF-01A-11D-A14G-09	60.0	34.0	0.9924415157936398	0.5623835256163959
323	TCGA-D8-A1XG-01A-11D-A14G-09	30.0	21.0	0.4962207578968199	0.34735453052777393
324	TCGA-D8-A1XK-01A-21D-A14K-09	1279.0	829.0	21.155544978334422	13.712233609882125
325	TCGA-D8-A1XL-01A-11D-A14K-09	113.0	85.0	1.8690981880780217	1.4059588140409898
326	TCGA-D8-A1XM-01A-21D-A14K-09	63.0	41.0	1.0420635915833218	0.6781683691256539
327	TCGA-D8-A1XO-01A-11D-A14K-09	26.0	13.0	0.43005799017724394	0.21502899508862197
328	TCGA-D8-A1XQ-01A-11D-A14K-09	1062.0	690.0	17.566214829547427	11.413077431626858
329	TCGA-D8-A1XR-01A-11D-A14K-09	27.0	21.0	0.44659868210713793	0.34735453052777393
330	TCGA-D8-A1XT-01A-11D-A14K-09	36.0	27.0	0.5954649094761839	0.44659868210713793
331	TCGA-D8-A1XU-01A-11D-A14K-09	29.0	18.0	0.4796800659669259	0.29773245473809196
332	TCGA-D8-A1XV-01A-11D-A14K-09	33.0	22.0	0.5458428336865019	0.3638952224576679
333	TCGA-D8-A1XW-01A-11D-A14K-09	122.0	78.0	2.0179644154470675	1.2901739705317319
334	TCGA-D8-A1XY-01A-11D-A14K-09	53.0	34.0	0.8766566722843818	0.5623835256163959
335	TCGA-D8-A1XZ-01A-11D-A14K-09	88.0	64.0	1.4555808898306717	1.058604283513216
336	TCGA-D8-A1Y0-01A-11D-A14K-09	82.0	52.0	1.3563367382513078	0.8601159803544879
337	TCGA-D8-A1Y1-01A-21D-A14K-09	248.0	163.0	4.102091598613711	2.6961327845727214
338	TCGA-D8-A1Y2-01A-11D-A159-09	21.0	14.0	0.34735453052777393	0.23156968701851596
339	TCGA-D8-A1Y3-01A-11D-A159-09	58.0	41.0	0.9593601319338518	0.6781683691256539
340	TCGA-D8-A27E-01A-11D-A16D-09	17.0	10.0	0.28119176280819796	0.16540691929893997
341	TCGA-D8-A27F-01A-11D-A16D-09	76.0	50.0	1.2570925866719438	0.8270345964946999
342	TCGA-D8-A27G-01A-11D-A16D-09	1046.0	700.0	17.301563758669122	11.578484350925798
343	TCGA-D8-A27I-01A-11D-A16D-09	37.0	27.0	0.612005601406078	0.44659868210713793
344	TCGA-D8-A27K-01A-11D-A16D-09	25.0	21.0	0.41351729824734995	0.34735453052777393
345	TCGA-D8-A27L-01A-11D-A16D-09	50.0	34.0	0.8270345964946999	0.5623835256163959
346	TCGA-D8-A27M-01A-11D-A16D-09	82.0	53.0	1.3563367382513078	0.8766566722843818
347	TCGA-D8-A27N-01A-11D-A16D-09	51.0	35.0	0.8435752884245938	0.5789242175462899
348	TCGA-D8-A27P-01A-11D-A16D-09	26.0	16.0	0.43005799017724394	0.264651070878304
349	TCGA-D8-A27R-01A-11D-A16D-09	32.0	25.0	0.529302141756608	0.41351729824734995
350	TCGA-D8-A27T-01A-11D-A16D-09	26.0	15.0	0.43005799017724394	0.24811037894840995
351	TCGA-D8-A27V-01A-12D-A17D-09	260.0	173.0	4.30057990177244	2.8615397038716615
352	TCGA-D8-A27W-01A-11D-A16D-09	44.0	33.0	0.7277904449153358	0.5458428336865019
353	TCGA-D8-A3Z6-01A-11D-A23C-09	41.0	25.0	0.6781683691256539	0.41351729824734995
354	TCGA-D8-A4Z1-01A-21D-A25Q-09	74.0	47.0	1.224011202812156	0.7774125207050179
355	TCGA-D8-A73U-01A-11D-A33E-09	200.0	105.0	3.3081383859787996	1.7367726526388698
356	TCGA-D8-A73W-01A-22D-A351-09	51.0	33.0	0.8435752884245938	0.5458428336865019
357	TCGA-D8-A73X-01A-11D-A32I-09	51.0	23.0	0.8435752884245938	0.38043591438756197
358	TCGA-E2-A10A-01A-21D-A10Y-09	28.0	19.0	0.4631393740370319	0.31427314666798595
359	TCGA-E2-A10C-01A-21D-A10M-09	455.0	288.0	7.5260148281017685	4.763719275809471
360	TCGA-E2-A14N-01A-31D-A135-09	95.0	67.0	1.5713657333399298	1.1082263593028978
361	TCGA-E2-A14O-01A-31D-A10Y-09	27.0	22.0	0.44659868210713793	0.3638952224576679
362	TCGA-E2-A14P-01A-31D-A12B-09	105.0	57.0	1.7367726526388698	0.9428194400039579
363	TCGA-E2-A14Q-01A-11D-A12B-09	37.0	24.0	0.612005601406078	0.39697660631745596
364	TCGA-E2-A14R-01A-11D-A10Y-09	158.0	112.0	2.6134293249232514	1.8525574961481277
365	TCGA-E2-A14T-01A-11D-A10Y-09	40.0	27.0	0.6616276771957599	0.44659868210713793
366	TCGA-E2-A14V-01A-11D-A12B-09	123.0	88.0	2.0345051073769618	1.4555808898306717
367	TCGA-E2-A14Y-01A-21D-A12B-09	42.0	31.0	0.6947090610555479	0.5127614498267139
368	TCGA-E2-A14Z-01A-11D-A10Y-09	84.0	49.0	1.3894181221110957	0.8104939045648059
369	TCGA-E2-A150-01A-11D-A12B-09	83.0	57.0	1.372877430181202	0.9428194400039579
370	TCGA-E2-A152-01A-11D-A12B-09	149.0	105.0	2.4645630975542057	1.7367726526388698
371	TCGA-E2-A153-01A-12D-A12B-09	24.0	20.0	0.39697660631745596	0.33081383859787994
372	TCGA-E2-A154-01A-11D-A10Y-09	56.0	37.0	0.9262787480740639	0.612005601406078
373	TCGA-E2-A155-01A-11D-A12B-09	76.0	44.0	1.2570925866719438	0.7277904449153358
374	TCGA-E2-A156-01A-11D-A12B-09	29.0	23.0	0.4796800659669259	0.38043591438756197
375	TCGA-E2-A158-01A-11D-A12B-09	94.0	69.0	1.5548250414100357	1.141307743162686
376	TCGA-E2-A159-01A-11D-A10Y-09	171.0	109.0	2.8284583200118734	1.8029354203584458
377	TCGA-E2-A15C-01A-31D-A12B-09	43.0	28.0	0.7112497529854419	0.4631393740370319
378	TCGA-E2-A15D-01A-11D-A10Y-09	30.0	23.0	0.4962207578968199	0.38043591438756197
379	TCGA-E2-A15G-01A-11D-A12B-09	71.0	46.0	1.1743891270224738	0.7608718287751239
380	TCGA-E2-A15H-01A-11D-A12B-09	35.0	24.0	0.5789242175462899	0.39697660631745596
381	TCGA-E2-A15I-01A-21D-A135-09	34.0	20.0	0.5623835256163959	0.33081383859787994
382	TCGA-E2-A15J-01A-11D-A12Q-09	26.0	17.0	0.43005799017724394	0.28119176280819796
383	TCGA-E2-A15M-01A-11D-A12B-09	106.0	70.0	1.7533133445687636	1.1578484350925797
384	TCGA-E2-A15P-01A-11D-A10Y-09	37.0	24.0	0.612005601406078	0.39697660631745596
385	TCGA-E2-A15R-01A-11D-A10Y-09	44.0	29.0	0.7277904449153358	0.4796800659669259
386	TCGA-E2-A15S-01A-11D-A10Y-09	71.0	50.0	1.1743891270224738	0.8270345964946999
387	TCGA-E2-A15T-01A-11D-A10Y-09	39.0	19.0	0.6450869852658659	0.31427314666798595
388	TCGA-E2-A1AZ-01A-11D-A12Q-09	64.0	37.0	1.058604283513216	0.612005601406078
389	TCGA-E2-A1B0-01A-11D-A12Q-09	56.0	37.0	0.9262787480740639	0.612005601406078
390	TCGA-E2-A1B1-01A-21D-A12Q-09	61.0	43.0	1.0089822077235338	0.7112497529854419
391	TCGA-E2-A1B4-01A-11D-A12Q-09	43.0	29.0	0.7112497529854419	0.4796800659669259
392	TCGA-E2-A1B5-01A-21D-A12Q-09	41.0	24.0	0.6781683691256539	0.39697660631745596
393	TCGA-E2-A1B6-01A-31D-A12Q-09	49.0	34.0	0.8104939045648059	0.5623835256163959
394	TCGA-E2-A1BD-01A-11D-A12Q-09	40.0	32.0	0.6616276771957599	0.529302141756608
395	TCGA-E2-A1IE-01A-11D-A188-09	34.0	21.0	0.5623835256163959	0.34735453052777393
396	TCGA-E2-A1IF-01A-11D-A142-09	22.0	17.0	0.3638952224576679	0.28119176280819796
397	TCGA-E2-A1IG-01A-11D-A142-09	47.0	31.0	0.7774125207050179	0.5127614498267139
398	TCGA-E2-A1IH-01A-11D-A188-09	86.0	62.0	1.4224995059708838	1.0255228996534278
399	TCGA-E2-A1II-01A-11D-A142-09	35.0	26.0	0.5789242175462899	0.43005799017724394
400	TCGA-E2-A1IJ-01A-11D-A142-09	20.0	14.0	0.33081383859787994	0.23156968701851596
401	TCGA-E2-A1IK-01A-11D-A17G-09	17.0	12.0	0.28119176280819796	0.19848830315872798
402	TCGA-E2-A1IL-01A-11D-A14G-09	37.0	21.0	0.612005601406078	0.34735453052777393
403	TCGA-E2-A1IN-01A-11D-A13L-09	229.0	141.0	3.7878184519457254	2.3322375621150537
404	TCGA-E2-A1IO-01A-11D-A142-09	14.0	9.0	0.23156968701851596	0.14886622736904598
405	TCGA-E2-A1IU-01A-11D-A14G-09	31.0	17.0	0.5127614498267139	0.28119176280819796
406	TCGA-E2-A1L6-01A-11D-A13L-09	22.0	14.0	0.3638952224576679	0.23156968701851596
407	TCGA-E2-A1L7-01A-11D-A142-09	77.0	57.0	1.2736332786018378	0.9428194400039579
408	TCGA-E2-A1L9-01A-11D-A13L-09	32.0	23.0	0.529302141756608	0.38043591438756197
409	TCGA-E2-A1LH-01A-11D-A14G-09	224.0	165.0	3.7051149922962554	2.7292141684325095
410	TCGA-E2-A1LI-01A-12D-A159-09	29.0	21.0	0.4796800659669259	0.34735453052777393
411	TCGA-E9-A1N3-01A-12D-A159-09	34.0	25.0	0.5623835256163959	0.41351729824734995
412	TCGA-E9-A1N4-01A-11D-A14K-09	36.0	20.0	0.5954649094761839	0.33081383859787994
413	TCGA-E9-A1N5-01A-11D-A14G-09	47.0	32.0	0.7774125207050179	0.529302141756608
414	TCGA-E9-A1N8-01A-11D-A142-09	36.0	26.0	0.5954649094761839	0.43005799017724394
415	TCGA-E9-A1N9-01A-11D-A14G-09	67.0	42.0	1.1082263593028978	0.6947090610555479
416	TCGA-E9-A1NA-01A-11D-A142-09	124.0	81.0	2.0510457993068556	1.3397960463214138
417	TCGA-E9-A1NE-01A-21D-A14K-09	58.0	46.0	0.9593601319338518	0.7608718287751239
418	TCGA-E9-A1NF-01A-11D-A14G-09	58.0	43.0	0.9593601319338518	0.7112497529854419
419	TCGA-E9-A1NG-01A-21D-A14K-09	21.0	12.0	0.34735453052777393	0.19848830315872798
420	TCGA-E9-A1NH-01A-11D-A14G-09	33.0	21.0	0.5458428336865019	0.34735453052777393
421	TCGA-E9-A1QZ-01A-21D-A167-09	23.0	19.0	0.38043591438756197	0.31427314666798595
422	TCGA-E9-A1R0-01A-22D-A16D-09	38.0	22.0	0.6285462933359719	0.3638952224576679
423	TCGA-E9-A1R2-01A-11D-A14G-09	67.0	50.0	1.1082263593028978	0.8270345964946999
424	TCGA-E9-A1R3-01A-31D-A14K-09	27.0	18.0	0.44659868210713793	0.29773245473809196
425	TCGA-E9-A1R4-01A-21D-A14G-09	146.0	104.0	2.4149410217645237	1.7202319607089758
426	TCGA-E9-A1R5-01A-11D-A14K-09	47.0	35.0	0.7774125207050179	0.5789242175462899
427	TCGA-E9-A1R6-01A-11D-A14G-09	40.0	27.0	0.6616276771957599	0.44659868210713793
428	TCGA-E9-A1R7-01A-11D-A14K-09	50.0	35.0	0.8270345964946999	0.5789242175462899
429	TCGA-E9-A1RA-01A-11D-A14G-09	28.0	14.0	0.4631393740370319	0.23156968701851596
430	TCGA-E9-A1RB-01A-11D-A17G-09	35.0	20.0	0.5789242175462899	0.33081383859787994
431	TCGA-E9-A1RC-01A-11D-A159-09	54.0	36.0	0.8931973642142759	0.5954649094761839
432	TCGA-E9-A1RD-01A-11D-A159-09	26.0	18.0	0.43005799017724394	0.29773245473809196
433	TCGA-E9-A1RE-01A-11D-A159-09	58.0	42.0	0.9593601319338518	0.6947090610555479
434	TCGA-E9-A1RF-01A-11D-A159-09	167.0	116.0	2.7622955522922976	1.9187202638677037
435	TCGA-E9-A1RG-01A-11D-A14G-09	44.0	34.0	0.7277904449153358	0.5623835256163959
436	TCGA-E9-A1RH-01A-21D-A167-09	111.0	78.0	1.8360168042182337	1.2901739705317319
437	TCGA-E9-A1RI-01A-11D-A167-09	22.0	8.0	0.3638952224576679	0.132325535439152
438	TCGA-E9-A226-01A-21D-A159-09	73.0	47.0	1.2074705108822619	0.7774125207050179
439	TCGA-E9-A227-01A-11D-A159-09	19.0	13.0	0.31427314666798595	0.21502899508862197
440	TCGA-E9-A228-01A-31D-A159-09	50.0	35.0	0.8270345964946999	0.5789242175462899
441	TCGA-E9-A229-01A-31D-A17G-09	32.0	17.0	0.529302141756608	0.28119176280819796
442	TCGA-E9-A22A-01A-11D-A159-09	36.0	25.0	0.5954649094761839	0.41351729824734995
443	TCGA-E9-A22B-01A-11D-A159-09	73.0	49.0	1.2074705108822619	0.8104939045648059
444	TCGA-E9-A22D-01A-11D-A159-09	29.0	17.0	0.4796800659669259	0.28119176280819796
445	TCGA-E9-A22E-01A-11D-A159-09	145.0	100.0	2.3984003298346295	1.6540691929893998
446	TCGA-E9-A22G-01A-11D-A159-09	122.0	79.0	2.0179644154470675	1.3067146624616257
447	TCGA-E9-A22H-01A-11D-A159-09	31.0	25.0	0.5127614498267139	0.41351729824734995
448	TCGA-E9-A243-01A-21D-A167-09	92.0	65.0	1.5217436575502479	1.07514497544311
449	TCGA-E9-A244-01A-11D-A167-09	129.0	75.0	2.1337492589563256	1.2405518947420497
450	TCGA-E9-A245-01A-22D-A16D-09	34.0	25.0	0.5623835256163959	0.41351729824734995
451	TCGA-E9-A247-01A-11D-A167-09	58.0	41.0	0.9593601319338518	0.6781683691256539
452	TCGA-E9-A248-01A-11D-A167-09	28.0	24.0	0.4631393740370319	0.39697660631745596
453	TCGA-E9-A249-01A-11D-A167-09	27.0	15.0	0.44659868210713793	0.24811037894840995
454	TCGA-E9-A24A-01A-11D-A167-09	27.0	25.0	0.44659868210713793	0.41351729824734995
455	TCGA-E9-A295-01A-11D-A16D-09	92.0	67.0	1.5217436575502479	1.1082263593028978
456	TCGA-E9-A2JS-01A-11D-A17W-09	80.0	47.0	1.3232553543915198	0.7774125207050179
457	TCGA-E9-A2JT-01A-22D-A18P-09	24.0	19.0	0.39697660631745596	0.31427314666798595
458	TCGA-E9-A3HO-01A-11D-A20S-09	85.0	53.0	1.4059588140409898	0.8766566722843818
459	TCGA-E9-A3QA-01A-61D-A228-09	78.0	47.0	1.2901739705317319	0.7774125207050179
460	TCGA-E9-A3X8-01A-31D-A22X-09	43.0	25.0	0.7112497529854419	0.41351729824734995
461	TCGA-E9-A54Y-01A-11D-A25Q-09	59.0	30.0	0.9759008238637459	0.4962207578968199
462	TCGA-E9-A5FK-01A-11D-A27P-09	38.0	19.0	0.6285462933359719	0.31427314666798595
463	TCGA-E9-A5FL-01A-11D-A27P-09	139.0	77.0	2.2991561782552656	1.2736332786018378
464	TCGA-E9-A5UO-01A-11D-A28B-09	35.0	19.0	0.5789242175462899	0.31427314666798595
465	TCGA-E9-A6HE-01A-11D-A31U-09	26.0	17.0	0.43005799017724394	0.28119176280819796
466	TCGA-EW-A1IW-01A-11D-A13L-09	112.0	67.0	1.8525574961481277	1.1082263593028978
467	TCGA-EW-A1IZ-01A-11D-A188-09	459.0	301.0	7.592177595821345	4.978748270898094
468	TCGA-EW-A1J1-01A-11D-A188-09	28.0	17.0	0.4631393740370319	0.28119176280819796
469	TCGA-EW-A1J3-01A-11D-A13L-09	27.0	19.0	0.44659868210713793	0.31427314666798595
470	TCGA-EW-A1J5-01A-11D-A13L-09	498.0	325.0	8.23726458108721	5.375724877215549
471	TCGA-EW-A1J6-01A-11D-A188-09	47.0	29.0	0.7774125207050179	0.4796800659669259
472	TCGA-EW-A1OV-01A-11D-A142-09	135.0	92.0	2.2329934105356894	1.5217436575502479
473	TCGA-EW-A1OX-01A-11D-A142-09	42.0	23.0	0.6947090610555479	0.38043591438756197
474	TCGA-EW-A1P0-01A-11D-A142-09	24.0	16.0	0.39697660631745596	0.264651070878304
475	TCGA-EW-A1P1-01A-31D-A14G-09	30.0	27.0	0.4962207578968199	0.44659868210713793
476	TCGA-EW-A1P3-01A-11D-A142-09	33.0	21.0	0.5458428336865019	0.34735453052777393
477	TCGA-EW-A1P4-01A-21D-A142-09	88.0	62.0	1.4555808898306717	1.0255228996534278
478	TCGA-EW-A1P5-01A-11D-A142-09	23.0	14.0	0.38043591438756197	0.23156968701851596
479	TCGA-EW-A1P6-01A-11D-A142-09	30.0	22.0	0.4962207578968199	0.3638952224576679
480	TCGA-EW-A1P7-01A-21D-A142-09	25.0	18.0	0.41351729824734995	0.29773245473809196
481	TCGA-EW-A1P8-01A-11D-A142-09	54.0	38.0	0.8931973642142759	0.6285462933359719
482	TCGA-EW-A1PA-01A-11D-A142-09	53.0	34.0	0.8766566722843818	0.5623835256163959
483	TCGA-EW-A1PE-01A-11D-A142-09	43.0	27.0	0.7112497529854419	0.44659868210713793
484	TCGA-EW-A1PG-01A-11D-A142-09	20.0	13.0	0.33081383859787994	0.21502899508862197
485	TCGA-EW-A1PH-01A-11D-A14K-09	60.0	38.0	0.9924415157936398	0.6285462933359719
486	TCGA-EW-A2FV-01A-11D-A17D-09	59.0	42.0	0.9759008238637459	0.6947090610555479
487	TCGA-EW-A2FW-01A-11D-A17D-09	25.0	17.0	0.41351729824734995	0.28119176280819796
488	TCGA-EW-A423-01A-11D-A243-09	78.0	34.0	1.2901739705317319	0.5623835256163959
489	TCGA-GI-A2C8-01A-11D-A16D-09	139.0	94.0	2.2991561782552656	1.5548250414100357
490	TCGA-GM-A2D9-01A-11D-A18P-09	585.0	369.0	9.676304778987989	6.103515322130885
491	TCGA-GM-A2DA-01A-11D-A18P-09	40.0	27.0	0.6616276771957599	0.44659868210713793
492	TCGA-GM-A2DB-01A-31D-A19Y-09	141.0	109.0	2.3322375621150537	1.8029354203584458
493	TCGA-GM-A2DC-01A-11D-A18P-09	26.0	13.0	0.43005799017724394	0.21502899508862197
494	TCGA-GM-A2DD-01A-11D-A17W-09	70.0	45.0	1.1578484350925797	0.7443311368452299
495	TCGA-GM-A2DH-01A-11D-A17W-09	232.0	167.0	3.8374405277354073	2.7622955522922976
496	TCGA-GM-A2DI-01A-31D-A18P-09	72.0	52.0	1.1909298189523678	0.8601159803544879
497	TCGA-GM-A2DK-01A-21D-A17W-09	34.0	19.0	0.5623835256163959	0.31427314666798595
498	TCGA-GM-A2DL-01A-11D-A18P-09	54.0	45.0	0.8931973642142759	0.7443311368452299
499	TCGA-GM-A2DM-01A-11D-A17W-09	28.0	21.0	0.4631393740370319	0.34735453052777393
500	TCGA-GM-A2DN-01A-11D-A17W-09	26.0	21.0	0.43005799017724394	0.34735453052777393
501	TCGA-GM-A3NW-01A-21D-A228-09	87.0	44.0	1.4390401979007779	0.7277904449153358
502	TCGA-GM-A4E0-01A-12D-A25Q-09	38.0	19.0	0.6285462933359719	0.31427314666798595
503	TCGA-GM-A5PV-01A-11D-A28B-09	42.0	21.0	0.6947090610555479	0.34735453052777393
504	TCGA-GM-A5PX-01A-12D-A28B-09	43.0	23.0	0.7112497529854419	0.38043591438756197
505	TCGA-LD-A66U-01A-11D-A31U-09	36.0	22.0	0.5954649094761839	0.3638952224576679
506	TCGA-LD-A74U-01A-13D-A33E-09	332.0	176.0	5.491509720724808	2.9111617796613434
507	TCGA-LD-A7W6-01A-81D-A351-09	50.0	24.0	0.8270345964946999	0.39697660631745596
508	TCGA-LL-A440-01A-11D-A243-09	12.0	5.0	0.19848830315872798	0.08270345964946998
509	TCGA-LL-A50Y-01A-11D-A25Q-09	52.0	23.0	0.8601159803544879	0.38043591438756197
510	TCGA-LL-A5YL-01A-12D-A29N-09	86.0	44.0	1.4224995059708838	0.7277904449153358
511	TCGA-LL-A6FP-01A-11D-A31U-09	81.0	50.0	1.3397960463214138	0.8270345964946999
512	TCGA-LL-A9Q3-01A-11D-A41F-09	70.0	38.0	1.1578484350925797	0.6285462933359719
513	TCGA-OL-A5DA-01A-11D-A27P-09	104.0	57.0	1.7202319607089758	0.9428194400039579
514	TCGA-OL-A66J-01A-11D-A29N-09	70.0	44.0	1.1578484350925797	0.7277904449153358
515	TCGA-OL-A66K-01A-11D-A29N-09	46.0	22.0	0.7608718287751239	0.3638952224576679
516	TCGA-OL-A66N-01A-12D-A31U-09	54.0	30.0	0.8931973642142759	0.4962207578968199
517	TCGA-OL-A6VQ-01A-12D-A41F-09	98.0	55.0	1.6209878091296117	0.9097380561441699
518	TCGA-PE-A5DC-01A-12D-A27P-09	152.0	74.0	2.5141851733438876	1.224011202812156
519	TCGA-PE-A5DE-01A-11D-A27P-09	643.0	339.0	10.63566491092184	5.607294564234065
520	TCGA-W8-A86G-01A-21D-A36J-09	31.0	13.0	0.5127614498267139	0.21502899508862197
521	TCGA-WT-AB44-01A-11D-A41F-09	59.0	26.0	0.9759008238637459	0.43005799017724394
522	TCGA-XX-A899-01A-11D-A36J-09	52.0	31.0	0.8601159803544879	0.5127614498267139
523	TCGA-XX-A89A-01A-11D-A36J-09	242.0	135.0	4.002847447034347	2.2329934105356894
524	TCGA-Z7-A8R5-01A-42D-A41F-09	33.0	19.0	0.5458428336865019	0.31427314666798595
525	TCGA-Z7-A8R6-01A-11D-A41F-09	102.0	47.0	1.6871505768491877	0.7774125207050179
